PetID,AdoptionSpeed
378fcc4fc,1.0
73c10e136,4.0
72000c4c5,1.0
e147a4b9f,4.0
43fbba852,4.0
77a490ec9,2.0
28c4b1b13,4.0
d1eada628,2.0
d134dec34,2.0
bcd464bb8,1.0
4e21958c3,2.0
7b070aed6,4.0
ff8d0708f,3.0
f1e6c9bf3,2.0
248914c05,3.0
948002885,4.0
111e67cd2,7.0
4f4b2ede1,7.0
d77fca061,1.0
ac9fb74b9,4.0
47ef39e7a,4.0
c69ee9807,4.0
62dcf8ecb,4.0
4df1d19d6,7.0
e8ef8455e,7.0
cbd23bc17,2.0
4d1a91ccf,7.0
004ee5cf7,4.0
95fad0a75,1.0
64341b5db,4.0
36726d4ef,3.0
0b56a7525,4.0
7f819d0db,2.0
550a0368b,1.0
9f60fc089,2.0
92ad0b5d6,2.0
a0465636d,4.0
257e363e0,3.0
ead84ae08,1.0
e3b8f72db,4.0
3dd3a9a4a,4.0
7d266f64e,2.0
ee31cafb8,4.0
39795544e,1.0
bd401c9d7,4.0
ca34f08c5,4.0
f28185f8b,4.0
578ded1cf,2.0
075c67b05,2.0
2d3f76a93,3.0
c9049c53d,3.0
d51a9f925,4.0
1d4d82bda,4.0
e56ca790d,0.0
64d85557b,1.0
07dfc8e89,2.0
5891eb6ec,3.0
1e79f1a74,4.0
0603e450a,4.0
4c08175f2,4.0
63ea487ed,4.0
94738fe21,4.0
f8c7d5162,7.0
3aab441c8,1.0
9aaaee20a,4.0
99b56d294,4.0
35edda33d,7.0
348fade02,4.0
301b3b88b,3.0
59b68d2e2,4.0
bcb71ba05,4.0
b3d560f95,7.0
c87763ce2,1.0
40f5e930e,4.0
0e178cab1,4.0
ea75287c4,1.0
128337e08,1.0
1a92f6e92,4.0
f1eb8b164,7.0
959a881a3,4.0
699ede995,7.0
95b2b8d75,7.0
75f25bcb6,1.0
87c583bbc,3.0
c74a234f2,2.0
02661c4c5,3.0
fee0eca1a,3.0
1ec246964,4.0
9d9ac4430,4.0
68801b60f,2.0
fe174feaf,2.0
295d49ea4,4.0
6ab47c3bb,1.0
bdb8343cb,4.0
d36ac8c08,2.0
3972dce9e,4.0
a0b3ccddc,4.0
6e4ba0bbc,4.0
b23d4068f,4.0
2920191f9,2.0
d683ca8e2,4.0
48efa3f5e,2.0
e03924fbe,4.0
6d19b5b19,4.0
c224db738,3.0
1b5ee9232,4.0
a3af20492,2.0
1dfaadc39,3.0
427a7d9a4,4.0
d8e945151,7.0
27c72b14a,7.0
3b69b9208,4.0
cc5e6046a,2.0
ff78e02f1,7.0
2499a5ac3,2.0
53c4f449e,2.0
4f167e094,4.0
76b8cdefd,7.0
94c6c543b,2.0
835cb2fef,7.0
a90f1da14,3.0
4db3fb6cd,7.0
6d680bfcd,4.0
ff8d81a17,2.0
bddf3eba7,7.0
af689290f,4.0
83c01a2f1,3.0
73a62be68,4.0
b590148db,4.0
c143aa174,4.0
71866498f,4.0
959973c0a,2.0
87bf9db6c,4.0
3ccb69d5e,7.0
e9a238ffc,0.0
8b590e38d,4.0
ae69e67e9,2.0
4ccb74caf,1.0
023572703,0.0
c8107d860,3.0
ae6da35ad,1.0
0b3c0c460,4.0
ddb893ad0,0.0
31896f476,7.0
091271d52,3.0
7977c1678,2.0
c584098d4,2.0
7c0eb87d7,1.0
bc2140510,1.0
500ddcf93,4.0
f9d04b2c1,7.0
1895238aa,1.0
7410e4590,7.0
238a79d8f,7.0
335c29a28,3.0
9b7e7d728,7.0
9bb49d92f,3.0
47edb873c,7.0
0de470e08,4.0
fcbadee1d,0.0
b245ba4ee,7.0
a752c78f4,7.0
201dab625,7.0
4fb06e56b,2.0
57fc14141,3.0
b5f878e59,2.0
dfa4ed447,3.0
9685bf777,7.0
bf5e0d442,2.0
78a8f8a07,1.0
92143aaee,2.0
f72282155,1.0
aac356b94,1.0
f86d87b63,2.0
e38b05c0d,1.0
b058642e7,1.0
655867ece,1.0
e024807df,2.0
4192f7f1b,2.0
2b9c8cfa6,3.0
1640ba06b,1.0
bef3d72f4,2.0
7fda5f5f8,3.0
67405624c,3.0
96c7bbbaf,7.0
6bbf1c7a8,3.0
5470874da,4.0
677287d56,2.0
10888c73f,1.0
c941bf351,2.0
db6972cb2,1.0
a657b0ea6,7.0
e9143cfdf,3.0
c1805e832,1.0
261ce8fc3,2.0
de136c13b,3.0
8ed7d0992,2.0
da111ef86,2.0
9af944fc5,2.0
0325c6d0c,4.0
b003e8b9f,2.0
889bfaf96,7.0
a4404351a,3.0
3a00823a4,1.0
5e98f3ff3,1.0
d8acef713,3.0
b974a19cd,1.0
df21b3124,3.0
9b01e4b24,1.0
387ae48fc,1.0
1ee21b297,1.0
8fd546c6f,1.0
dbe6d4fd1,3.0
09dbd2f26,7.0
2acdd3a56,3.0
8b6fd3411,7.0
26f787401,3.0
cea74a1f7,7.0
df4f4130b,1.0
ef6b5d97f,1.0
97a07be8d,3.0
b079f32ce,1.0
964243fcb,4.0
6c48a45ee,2.0
0f3aa4636,2.0
3bd5dd377,2.0
bd86f3b7c,3.0
4af2a37ff,2.0
0dee9d530,2.0
1430f6686,7.0
f6b750fa0,4.0
851572525,2.0
b8821af5e,7.0
7c0cb2781,7.0
5882f07fa,4.0
b4dbe4f8d,1.0
58834bef4,2.0
d32ca0658,3.0
0a4d04d13,7.0
99c6a442d,3.0
99a0d761b,1.0
5cfe97f4d,1.0
5edfbf6ba,2.0
0b1d74132,4.0
90336856d,3.0
223157063,3.0
1f1ddd287,4.0
cd51d5ffe,3.0
144d036b1,1.0
3b715cea3,3.0
176780982,2.0
7950faa64,4.0
c55bc1c7c,2.0
b2b237033,7.0
81d4518ee,2.0
4df1ef790,4.0
0915242e3,3.0
9bc2df0bb,3.0
1fb65d9a3,4.0
65a011bca,7.0
88147811c,2.0
fff5752ef,4.0
8f52ecfdd,2.0
cd4d7d073,4.0
cbf5be359,2.0
4d1055a38,1.0
ad4d4083a,2.0
a27323945,2.0
df25123be,4.0
64048c5fb,3.0
d160d237c,7.0
684c1757e,4.0
0ab53d252,2.0
cefd51047,2.0
c48a69f0a,4.0
da11448b6,2.0
f5bc25243,4.0
7a0627be7,4.0
e13c0f168,7.0
0eb92ca85,4.0
6f3a546dc,2.0
60dc59d7e,4.0
50848490f,1.0
ebbfc5416,4.0
be33711da,3.0
29ffee2ab,2.0
f22172a19,4.0
de5a1529d,1.0
78bf39732,4.0
df90f6792,4.0
d6ab3d456,1.0
bb36edf54,1.0
ef5d82c92,1.0
7700279d3,7.0
abc94aacf,7.0
771d872a7,4.0
7b074b69d,4.0
0b74e8432,4.0
fa07edb31,7.0
0a9497647,4.0
2e6ed1d30,7.0
e9665fc0f,7.0
b58629240,4.0
fb3a6969b,7.0
d739b8ea0,4.0
351ca0f97,4.0
41b3f325e,7.0
1e5fba5c2,7.0
efbc6b3fe,2.0
c4fa4914b,4.0
c1a0105d0,0.0
a5c61707b,4.0
f31765a83,7.0
f554997f5,7.0
b4b53b798,1.0
5eb07029d,1.0
7aa891436,4.0
53d7bd640,2.0
9e1db93d7,2.0
002d58f95,2.0
801ce34d9,2.0
971d25a97,4.0
82203c5da,1.0
9a5b91c0a,1.0
838c99628,1.0
04465b5e7,2.0
3f9fd0166,1.0
baa12ea44,1.0
0584689f1,1.0
3bf766f12,4.0
cc854698d,2.0
0f14425da,2.0
eea05de84,4.0
24a749cf5,4.0
6b0e3e8a4,1.0
26cad56b0,1.0
6cd12b223,2.0
f75ef16b3,4.0
50d9eb08e,4.0
1d9b084a3,7.0
557b18791,7.0
872d0a084,3.0
6f35aa679,2.0
5f1a99014,7.0
820720238,1.0
a09a02848,4.0
ed19d5a78,1.0
7f1d157a6,3.0
5b1b64fc6,1.0
a76126713,1.0
55a13f499,3.0
70c322ca8,2.0
b759d6a14,3.0
48f5fa3df,1.0
835f0b15c,1.0
b000029b2,2.0
0768924b3,1.0
c3e62dc54,1.0
72123cd55,4.0
b40e4f9e9,4.0
a12e55ad6,4.0
cf01fc160,3.0
617e5fe89,2.0
ef4302021,4.0
7f5646199,4.0
d5d8f297e,1.0
78db7b8e3,1.0
ec92805e3,4.0
d8823e6dd,1.0
e76e72f23,1.0
ec767387d,2.0
69c0631de,4.0
8049de4a7,2.0
b6c980449,4.0
928357091,1.0
60f010c04,1.0
8aa1e6cb5,3.0
02d7d425a,4.0
3eec94b7b,4.0
ab8ab0e02,4.0
bddd0c64a,2.0
b7e885611,2.0
a0a0ddd80,3.0
d826ef544,1.0
08f0404e1,4.0
33f5c30ff,2.0
e1eaf1f74,1.0
e4618b7b9,2.0
a50d71570,3.0
4a288da21,2.0
9d9733860,2.0
73f318529,1.0
cca745253,3.0
eacbd58b0,1.0
eec125a4a,1.0
502911dbd,4.0
e04a35a41,2.0
5342033a7,4.0
cdaf456cf,7.0
75e4fbcef,4.0
3087667fd,4.0
7562239de,4.0
2378b2a7d,1.0
ea1a2b014,4.0
c86c3f3b3,3.0
87db66a72,4.0
9e8aed47c,4.0
aa4ec0b7b,3.0
54e04a9c4,0.0
4b047a13d,4.0
780edb258,4.0
f3c696dce,2.0
532aa2fb9,1.0
9f814c16e,7.0
1d7cdece4,4.0
e3b49febf,1.0
8ad63f37f,1.0
a7d5c2242,7.0
c43c466e3,7.0
c3433e19d,2.0
1b5943aaa,7.0
1f27709ce,3.0
93b1fdf09,1.0
8d7fbf152,1.0
e46215f44,3.0
92ae90261,4.0
c26273a72,3.0
b6faa5d0c,2.0
831daae06,3.0
7be9199b4,4.0
a5b873b6e,3.0
b702963dd,7.0
a982d66db,7.0
81fa439c6,7.0
31a535f56,7.0
cc6abdd95,4.0
de097478a,4.0
f69593c1b,7.0
948ce715f,2.0
f9f2a222e,7.0
5a393e52c,2.0
bb55b187f,2.0
4657c608a,7.0
879067966,3.0
6fdc13751,7.0
058d9f3fd,4.0
4137e2c58,7.0
a0e97dd06,2.0
87eeb11ac,7.0
e0be7d774,4.0
d405dfce6,4.0
a6914376f,3.0
e6845a1d1,2.0
1ae728335,3.0
849b12fe0,2.0
7a82b099c,1.0
891b51d83,3.0
987c30415,3.0
fa42fddef,3.0
44664ad4a,7.0
cf38c80ab,7.0
5408a54c7,7.0
4303c865e,3.0
b39f6200e,4.0
97ebb54fe,1.0
717d8019c,4.0
98c8a3e58,4.0
29c57716c,7.0
46d2d6f64,2.0
dfd722c50,0.0
4487f2bcf,4.0
e5e796868,2.0
30e80f19c,3.0
1ae174833,7.0
4b4881b91,1.0
0e2869ac3,4.0
e938a1e6a,1.0
82214f3a4,1.0
28cd684a5,0.0
8bc2c1ead,1.0
6e0ee24b0,2.0
cb8d2a118,4.0
a4de34766,7.0
9dc89cdab,2.0
b0bbd1503,4.0
1be0db8e9,4.0
85cacbcec,2.0
db1b7bf8b,2.0
de7ae1f0b,1.0
c9b70a7c4,3.0
8e3fe7b5e,4.0
ac13c0cd4,2.0
7400342c0,3.0
20647571b,4.0
feea78c0a,1.0
8807673c1,1.0
e554dffbc,3.0
79d37667e,3.0
926ef2f60,1.0
20f58ed95,1.0
073f57c15,4.0
0f8b0cb3c,4.0
878904af4,4.0
ea6f66062,1.0
ac3e0a48f,1.0
004cf6089,2.0
5cfe411cb,1.0
7ebafbae3,4.0
f9cf956fc,4.0
a53278ff3,7.0
19a0f671b,7.0
d26296a67,4.0
9b2f67c6e,2.0
6f3d75dc1,2.0
3ff5b908e,4.0
f3c74e463,2.0
145aa4d64,2.0
f42a5b81c,2.0
995728b7e,4.0
c3fc3bcb8,1.0
a3ea76f09,4.0
b51266b11,7.0
2801de50d,1.0
0ad9d4fd0,1.0
4f1941c1b,3.0
39cc80de9,2.0
223f25172,2.0
b4719ca7c,2.0
d56197b06,2.0
f3e46aa6e,2.0
772111493,2.0
26b387591,7.0
da4823525,4.0
f1e8168ce,2.0
6a6d80b9a,1.0
22d0da252,2.0
af52f13a5,4.0
73415ac0e,2.0
577ba4e53,7.0
97fadb81f,1.0
f0a9e7880,1.0
1265338d2,1.0
1fceb7280,2.0
8aaa5af7f,4.0
58af044bb,4.0
a4974980b,1.0
83bf26924,4.0
f1eff69a3,2.0
3b9dd74b8,3.0
494442e83,4.0
9466c9b36,1.0
000c21f80,1.0
a226c0872,1.0
93750c323,2.0
c98ae5256,4.0
f338db3f3,0.0
beaffb689,1.0
6cae4ce75,2.0
4797fd404,4.0
79c97b719,4.0
a462f03c3,3.0
269dbc193,0.0
936ae4908,7.0
534f1885c,7.0
4057b6a41,4.0
30ed97f23,1.0
2536623e0,4.0
3b63a0ca8,1.0
89ba10c3f,1.0
513db5e47,3.0
539c9ec3d,1.0
2046cf663,2.0
a93de89f5,3.0
e469e18c1,3.0
073e033a3,7.0
aca756485,2.0
26302a794,2.0
01e7a25d6,7.0
57d7b2d43,4.0
c7a275165,4.0
53233df86,0.0
d1bb3e502,3.0
e37322e54,3.0
71d90d199,1.0
a9eaa8041,1.0
7ab900c01,3.0
c333a003e,7.0
2d9f6b906,7.0
511301e7d,2.0
4c9e94650,1.0
a2200e8aa,3.0
98e640678,1.0
19d861c85,1.0
dd4077415,4.0
48593c5b4,2.0
e00384dc6,2.0
0352a0ce5,2.0
23cc351f5,7.0
c9be84842,1.0
d2e1a5a68,1.0
470653184,3.0
2a69e15f4,1.0
3b68427d2,3.0
7293da62a,2.0
088a4b4aa,4.0
c1f8b346b,4.0
c40b151c9,3.0
29c3d2e34,4.0
04af1791f,2.0
49b82b06e,3.0
d098e91c5,1.0
6f6064448,1.0
c13e5f667,3.0
d15797630,3.0
cb6587025,3.0
cb3310666,1.0
44704879b,2.0
b21c0bf53,4.0
3895b99e3,3.0
252403a98,2.0
0118e0990,3.0
03a6f3852,3.0
445810c68,7.0
90f068186,2.0
5d9ecb00f,1.0
aa373cc64,3.0
771f02e42,1.0
55800cee3,4.0
0626c67dd,4.0
d3987ecf5,2.0
38d96666f,3.0
988e47944,3.0
87226c200,1.0
ba7dcba75,4.0
2d86ffa7a,0.0
c6aff3fd8,4.0
8d3c2d72b,1.0
085129474,4.0
27e7d47b6,2.0
31eafe6ef,2.0
965005fda,2.0
d009e34ba,7.0
f8e75043b,1.0
6cfe2748e,4.0
64e00ab2c,1.0
7c2a08f41,1.0
c270806fd,1.0
b9de9ecd8,1.0
0ce1b66ce,2.0
1b5edd6f1,1.0
37ef7dcc8,1.0
39fa339e3,4.0
4f9a4bffc,4.0
50c0a9329,7.0
0df2a6f99,4.0
29de42f4a,1.0
31f602634,3.0
350caedf4,4.0
5be8cfc67,4.0
fa09fda1a,1.0
d2ad766f6,2.0
6591264e9,2.0
ff23007d4,2.0
3ff5b5ca1,1.0
a74a6d785,4.0
ee551ddfb,7.0
39b7c97c3,7.0
aa1d5638b,3.0
e685f3c4e,7.0
dec5e83a2,4.0
68df30c4d,1.0
c489fd162,3.0
9447414ff,4.0
40802c588,1.0
d272784b3,4.0
c4a3f5215,1.0
7a12b2af4,4.0
370280ff2,4.0
f267a1a66,7.0
7f46433b5,1.0
63efe7744,4.0
9edcc7dd0,4.0
9428467e8,4.0
3bec91491,4.0
eb44980b8,1.0
d3be56103,7.0
40632091e,4.0
c246aa80f,4.0
7ec454420,4.0
2a2f4be17,1.0
6692d9946,4.0
2954f8aea,4.0
915799ea3,7.0
3bfd36967,1.0
923492de1,2.0
8c5f5b628,2.0
eab225174,4.0
87777e68d,1.0
73ac66cd7,0.0
bc8a14000,1.0
d41cc19b4,7.0
8e9b7ecb1,4.0
7ab6a6192,2.0
0ff918b94,4.0
784441a4e,3.0
83904959c,3.0
9f56cf32e,7.0
5d0cdc3a7,4.0
6c221a562,1.0
417802258,3.0
643f275eb,4.0
7b40b013c,4.0
252b6b562,2.0
d5d4d49b4,4.0
5a8bcdf7d,4.0
2916d13e9,2.0
78548272e,2.0
6b735add7,1.0
c0947cb70,1.0
31c85be7c,2.0
777b17bb8,7.0
ddec80496,4.0
b77b8ae58,2.0
9ad247ea7,4.0
9efba5681,4.0
4406a893a,7.0
c4692db05,4.0
777373cc8,2.0
70aad67ae,7.0
79523c81d,2.0
82ae21e62,2.0
8a51a7ca6,4.0
62b0a2633,3.0
8fe8a0b9d,7.0
8db9935ba,2.0
10f27e489,4.0
dabe2ca11,4.0
c3fe885e7,4.0
88aaa8cb7,3.0
429746fa8,7.0
4a2f24287,2.0
c2c49887c,2.0
3155c4c07,2.0
696888b07,7.0
116d04a3e,1.0
22c8c9238,2.0
63c2914c2,2.0
4bfa665fd,2.0
211dbc5e2,4.0
767f03371,4.0
e0c0e8996,2.0
741947e08,7.0
72e59dd47,3.0
505037d6d,1.0
b11f91ced,2.0
93f2c9ee0,3.0
2e2c1d082,1.0
252fa874e,4.0
ee471427e,1.0
a9e1e154a,4.0
e2fd54afc,2.0
eb12b75d2,7.0
94ffdd93c,7.0
c3f088934,3.0
3b310f54d,2.0
e2005bb4c,3.0
f226ec9c1,7.0
fbe2a5ea8,7.0
b09467fa2,3.0
dc33adc1a,7.0
9ab81b3e0,7.0
8def469fe,7.0
bbde3314b,4.0
798456e7b,1.0
4e4bbdba2,4.0
75e64c6b5,7.0
f7b52283c,4.0
d8ad6c1de,1.0
53d870534,7.0
135234f32,4.0
2c688db55,3.0
aaf22f292,7.0
e5db86945,7.0
ce8fdd720,7.0
6180790e2,3.0
3ef8e3c10,7.0
5765d8240,4.0
7f992a891,7.0
5a4ed9f25,7.0
7e322bd55,1.0
f8868d690,1.0
7e008e818,2.0
c228f4293,3.0
52acbc630,2.0
35c34bdfd,2.0
8dea28408,7.0
7597f4210,4.0
591f0a114,4.0
3fa5fba46,4.0
233d08bb1,4.0
ca15b54ae,1.0
e99160687,2.0
4ba858df3,1.0
62b065db7,2.0
be10ae529,1.0
dff8203bf,7.0
cf56161c2,3.0
1b3a195ae,2.0
b06e4a04b,7.0
67e33c026,4.0
21323ab5c,1.0
44ad04898,2.0
e629ebf54,2.0
f100e4b85,7.0
f9cac0fa3,7.0
8738eafb4,2.0
27b46c823,1.0
07b5f3344,4.0
d8baec065,7.0
45530ea77,7.0
d27346d04,7.0
13517ad21,4.0
bd8f9547d,2.0
2bd5ce781,3.0
7fe7b5c88,2.0
bdab587ee,2.0
287ff720d,2.0
6422836ad,7.0
614494f00,3.0
458683f6f,4.0
c4acee3dc,4.0
26b30a979,2.0
83d688b83,7.0
fadbbfecc,7.0
b13517268,1.0
c2602732c,2.0
bb134e98f,7.0
e69d158ac,7.0
46ef6e10b,4.0
205ce681c,7.0
0afed346f,7.0
d380a2bfc,7.0
610f23f00,7.0
e12e6c77d,7.0
82fd13a37,2.0
be4053473,2.0
a57ccdf7a,1.0
5f4c5316a,2.0
487d249ee,7.0
d1d32a8d7,1.0
267df54a7,4.0
db9c0253d,1.0
21eca6014,1.0
6069f575a,2.0
3bdf7f396,4.0
f1c064a0e,1.0
ad70c12a7,3.0
3fd24c3ef,4.0
3563d1d53,2.0
e41d4efb8,3.0
b814839bc,4.0
5f35e89a9,2.0
b0a4f19ff,4.0
1cce3f324,1.0
81b9901db,1.0
8b801f2be,3.0
d505bed08,2.0
1bea8833d,4.0
b2a29d333,0.0
f95f86b17,2.0
bdc163732,2.0
bd8e74a80,2.0
63c8a07f4,2.0
630794d7d,3.0
984df9850,4.0
9dbaf8a68,2.0
5557ba20d,2.0
37968daed,3.0
4eae62f07,2.0
65d6c3290,3.0
d0ad242be,7.0
43162a244,3.0
38bed8f85,1.0
f69f6cf25,4.0
455fe1272,4.0
1585e31a1,2.0
70aec7d9a,1.0
bc309b188,3.0
7ddceb832,2.0
72bea1f70,4.0
ef874a565,4.0
ba4754079,2.0
eefd0bf99,4.0
ace2fe01d,2.0
9f3e1208f,3.0
2884073d9,1.0
ae1bf1397,3.0
e1cf1e592,2.0
413007d3f,3.0
a51a4a91f,2.0
3f6d04efb,2.0
a74ee2c2b,4.0
5f4bfd5f7,4.0
8d2be7f16,2.0
2bccc705a,4.0
49897924e,4.0
56a425609,3.0
5458ccb3d,4.0
0df5238d7,3.0
1548bba9f,2.0
5c6805939,4.0
d209adf87,2.0
65c748792,0.0
5ed9e0442,2.0
ca768e7de,2.0
875195d55,2.0
2b17e08a7,4.0
3fa587b7e,3.0
63935ea48,2.0
38af4c7e7,2.0
9ed4273a5,2.0
0fab3d2ee,3.0
51eb1b4b1,3.0
722bdf2a7,2.0
ea53b9c93,3.0
dd11efee2,3.0
daf0475ee,2.0
d800b8143,4.0
f9f69faca,2.0
5e9da1643,4.0
ee2b30c38,3.0
7ead7ea3f,3.0
fb61905a6,1.0
87d5053c6,4.0
169b9ccc5,2.0
595a40121,2.0
4faf00da3,2.0
86fc4268c,3.0
47469eeca,7.0
37b855461,2.0
beaa42896,4.0
95b2810c9,4.0
e091a7dce,4.0
8cbc9e8a2,1.0
9d3774025,2.0
f59397152,4.0
a168290b9,1.0
d631fa033,2.0
970a3e0e7,2.0
f9ff5a90d,2.0
9aab47fe6,1.0
74fafd5d5,2.0
d3b38f1e9,4.0
a29f203d8,7.0
07bafcec0,3.0
bd2e2a613,2.0
53d7eab35,1.0
6094fd727,4.0
be541df1b,1.0
aaceff2f9,7.0
621f9c562,7.0
20b198c77,4.0
cf99678fa,2.0
ae360265c,2.0
7ec62db29,1.0
f1c5acde8,4.0
6d497c99d,1.0
f32678ae6,7.0
b95abc52a,7.0
f3425ad46,4.0
f00e82516,7.0
5da7754a6,7.0
dd0960329,4.0
f81080e64,1.0
3dd09498f,7.0
ba58e37f3,7.0
7bfa3138d,4.0
7af87b0e9,4.0
e031aa024,4.0
0ecb9d4f3,4.0
95a312ec1,4.0
0919b238a,3.0
9042d12ed,7.0
4ab4710e0,4.0
b661e13c8,3.0
2b5349ff4,3.0
64438faa7,2.0
f8a723197,3.0
57a95d735,7.0
17ecb4550,7.0
58c4e9f5c,3.0
381bd3018,7.0
0fde2c7cc,2.0
ed6f693ef,2.0
c5f2c614b,4.0
1526cf0a2,4.0
55c5189a6,2.0
06fc80c2b,2.0
4d3a84704,4.0
ffea1ef51,2.0
d7c87febb,1.0
ef4d4d0d0,3.0
1cb33307c,2.0
4c7270fba,4.0
04204b8a1,1.0
3d80aedb1,1.0
f8af3929c,2.0
409f0a30e,1.0
fa752a9b7,1.0
1b9bc20ed,4.0
c3868c29d,2.0
8ec13a66e,1.0
d787cfbc9,1.0
c3dea2b43,4.0
1a251e813,2.0
734ae4be0,1.0
f3409ad0a,4.0
bd1cc6b5a,2.0
8f55ec42a,1.0
f23593596,7.0
12c8ae39c,4.0
8e5a8b127,4.0
4e1af64a8,7.0
d7d2d5063,1.0
925d65c0b,2.0
1e6cae3fe,2.0
87fbfdc44,3.0
fb2176a0d,4.0
021c9bd5d,1.0
569f0042e,1.0
0a4465e2e,4.0
71fcc91f0,1.0
d02c16ba6,3.0
2a291de5d,7.0
88920eb75,2.0
864c81ba0,2.0
f857fda99,4.0
c99e1591d,1.0
dc4092be1,3.0
082df54ae,2.0
fa8a8f28b,3.0
eeeb944a4,2.0
ef34344da,4.0
8f0235b3a,4.0
3d748805f,3.0
2b006b40f,2.0
c40649db3,1.0
0d1589413,2.0
1c7538aeb,1.0
ef326716f,2.0
211ea05f2,3.0
8e3321de8,2.0
093581205,4.0
aec43e224,3.0
cfa37c339,2.0
67fe5be41,1.0
3b33a44c6,3.0
fb6ded00c,2.0
e1dd34d5f,3.0
b05ec9a80,4.0
7f01bc6e5,1.0
c4111fca5,4.0
7bf18c1c9,4.0
56c8c337f,7.0
f74ed71c7,1.0
7000a0cd3,4.0
03692b443,2.0
24b8b2364,4.0
bcccc164a,3.0
7e8dfdcb4,4.0
782dbbb08,1.0
fef9bb912,2.0
479b7da76,4.0
72837a57b,3.0
21af74cbb,2.0
71a09cc77,7.0
f8d51c4ad,3.0
609a9b08d,2.0
188c4c6de,1.0
844805c25,4.0
1f21d5699,4.0
9333271ca,4.0
bdba33638,4.0
948f4c314,2.0
10359504f,4.0
46934491f,7.0
facb5e336,2.0
9386dbc07,7.0
ca694bfd0,2.0
ec1e7ec3e,4.0
b3b653e1d,2.0
048a377e7,3.0
19513f745,3.0
9fa354d57,1.0
e86fe4dc4,2.0
f2fabb48a,4.0
686045165,2.0
d3c4c75d6,4.0
d0393b239,4.0
d80129637,4.0
32a6aa751,1.0
c4d50addd,4.0
ed670fc0c,4.0
dd548bc9d,4.0
3318e6d2a,4.0
6b223a649,4.0
402afe862,7.0
0dc2998c3,4.0
ac3ca079e,2.0
f16ca8787,1.0
fd0e3963b,3.0
3914719b8,1.0
68b0a87d1,4.0
d6623c730,4.0
ab4e3334d,3.0
5f94a65d7,3.0
bff736dec,4.0
67ae46f0c,4.0
ae5dfea0c,4.0
4f605c05b,3.0
62b164a6c,2.0
592dd2ca3,4.0
450ace55e,4.0
b78ea4bc0,2.0
555c3e9ea,4.0
c0f48f0d7,2.0
90bef110d,4.0
307cf438a,4.0
0e3a6023a,4.0
43850cfc2,4.0
66a6f2e85,1.0
53a8e277f,4.0
c9afc9a2b,3.0
c7a5c3e7c,3.0
38227ec2b,3.0
fd3f07bff,4.0
48a82737c,1.0
53f6d3a6a,3.0
95c9867f1,3.0
cd2cc0cba,2.0
774151723,2.0
24e35e2a4,4.0
2d45ed13f,4.0
aa82fda49,3.0
25ff67233,3.0
78a6e4205,1.0
f05e245f5,3.0
dd7cb86f4,4.0
75a918e47,3.0
97ee9e04d,1.0
23b8acc9f,3.0
771df9728,4.0
12d5f2550,4.0
0079accbd,3.0
596a80fe7,4.0
40895f625,4.0
9546944df,4.0
c67be69c6,7.0
8121fa2d4,2.0
fd9ca5f77,4.0
fcf9e8e9e,4.0
5b5ba69ae,4.0
7b752456a,4.0
92745def0,4.0
468edb849,4.0
5730889aa,2.0
c8d90cc80,4.0
1a8edf921,4.0
4f304426a,3.0
bf281b8fa,2.0
b16dba965,2.0
44628537b,2.0
7374f319a,2.0
071df417e,4.0
d53ea316a,4.0
bf891ac32,3.0
b272f26c6,7.0
daee1972e,2.0
95bbc65f6,2.0
7fb5023d8,1.0
3b5f2f125,4.0
0e872621f,2.0
a3b171296,4.0
752a1a18c,4.0
3ab9ccf3f,2.0
23da85fac,3.0
b3dd99379,2.0
f5d1813ff,3.0
b8b7d06cb,4.0
45a131ede,4.0
1a04cda8c,0.0
f52c95d2c,4.0
984f34ed9,4.0
657dd47b9,3.0
0202e369d,2.0
396043c96,7.0
d6e9cf916,1.0
f65775415,4.0
5b62428c3,7.0
db0b13cb7,3.0
2d240f34e,2.0
d55a67a7e,1.0
687bfc259,2.0
db9055b04,7.0
8f6b00483,2.0
7d876d3c3,2.0
aef0a0aa7,1.0
f4366cfe1,1.0
03f7fb1fa,2.0
090db750a,7.0
ca2c67435,1.0
615b85d67,7.0
2ef79eed5,4.0
21ff37b38,7.0
3655904e7,4.0
89768b0bd,7.0
a24f3eee2,1.0
09880b33d,2.0
ecd9d828a,1.0
4cc279010,7.0
9421f60d2,4.0
17061083d,7.0
f0cfb4db0,7.0
4b4526666,7.0
1c7c616d0,7.0
2adae9684,7.0
a6b8c7aec,2.0
3d79d76e8,7.0
ff346b081,2.0
e4841c6d1,1.0
50c107f65,3.0
d3f92b1f3,2.0
79d31978c,3.0
309bf264a,4.0
845e7bedd,1.0
60d3c8540,1.0
a8e125294,2.0
31ea2e325,7.0
af8fde324,1.0
78fee18df,7.0
f93fb4c78,2.0
449b0cbdc,7.0
d916630e2,3.0
fb9e2816e,4.0
82024fa6f,4.0
7a6ec5f00,4.0
c2dfd359d,1.0
cad532968,4.0
9d27240d6,1.0
6f8b49b5c,2.0
bdcfbb100,1.0
c18d26fd0,2.0
363393ea1,2.0
ca3b76f19,1.0
546e1662f,1.0
45fbdf598,3.0
6ab539629,4.0
82005ff6d,7.0
e9d55e2f5,1.0
4fe602d3b,1.0
a662b8475,3.0
429ea92dc,7.0
cfe2cc0bb,4.0
1af68dacf,2.0
9a7dd294a,2.0
a9308bb98,1.0
e14eb1464,3.0
1ffb9ee22,4.0
2339d5d2a,1.0
29a233127,7.0
02cd84980,4.0
0bd1d8774,4.0
095e18e76,4.0
1a6533e29,2.0
d44a3e48b,1.0
a2a9bec28,1.0
d7fd89f97,4.0
943a36544,2.0
5072ab216,4.0
072a60555,4.0
63d3e5796,1.0
12c7f2757,1.0
b2c048257,4.0
86d014881,1.0
a860f7899,1.0
36db59fdd,3.0
73aebc70d,1.0
a696db2dd,3.0
9a270dc0b,2.0
d14f3ea81,1.0
b6d205311,4.0
c3d1edd4c,0.0
c7419482c,4.0
f7b52585f,1.0
2dfda1590,4.0
6684d0e8b,1.0
51402e984,4.0
a06b365f7,2.0
9c24b555f,1.0
47783af41,1.0
f1b4f9645,2.0
abaef4874,4.0
c8c3d1078,2.0
375b35593,3.0
d2b9485a2,2.0
a26ed6e70,4.0
ee2461c25,1.0
b77a42c53,4.0
01cee484d,3.0
2f95a8889,2.0
7e02aefc6,7.0
5b95eda2e,7.0
d9d1604b6,2.0
6c4629a2b,1.0
5564d4498,1.0
e752e523a,4.0
9d86a9330,3.0
79b8302d3,1.0
d49b06c5c,7.0
c094d35b2,2.0
a00eb571f,3.0
ea5e28881,4.0
3210b7021,2.0
c7581c38a,2.0
6fc291dd4,7.0
0c9994b53,7.0
7abedded1,7.0
c23e38580,1.0
9f68dc94e,1.0
39da7d21b,7.0
303d1dd06,3.0
37d28023a,3.0
7297ad064,3.0
4888c9a95,2.0
189c9e043,2.0
0046c1710,7.0
9ce553cce,1.0
3256116b4,1.0
0df967bf0,2.0
ee0cce52f,1.0
d5418d677,4.0
be482bad4,2.0
cc30b7b6e,2.0
e110cef05,7.0
276502657,1.0
aaa37315a,2.0
712627ad2,1.0
c31e1903c,3.0
e86107083,2.0
4d9579477,4.0
78f1f4f34,2.0
1ea448905,7.0
5b220f7e5,4.0
f3014bfec,7.0
0481867bc,3.0
ea3303577,7.0
144c648d0,4.0
b175ced25,1.0
6197b35d6,3.0
28c072abd,7.0
6a251fbc2,2.0
fc910aaf4,2.0
b215ad7f8,2.0
27ac0cb65,7.0
5230f1d6b,2.0
6aaa1508c,4.0
ecbd9d882,7.0
90f7bf086,1.0
9d74613ad,4.0
cb1ba3eb0,7.0
34ed1c879,1.0
6f7493868,1.0
47e0cdabc,1.0
3d7e82fbf,1.0
bd72a44c5,4.0
0df18b80a,3.0
63b5d00c4,1.0
2f51cf46c,7.0
3e0869354,1.0
e10d5d816,1.0
a7a61f4b4,3.0
c7e8c55ad,3.0
e6ceef9a9,4.0
1be1f44d2,1.0
98965a8ca,4.0
f8cfa7a2a,1.0
180521248,2.0
926bc4e1d,7.0
6fca92b5e,3.0
ae621b654,7.0
95a255e5d,2.0
776fb2490,7.0
61e70239c,2.0
7aeef8c10,2.0
84da6b4d7,2.0
11ef08db7,2.0
ca90e2c2a,2.0
3ffea94eb,2.0
684f27e95,2.0
09bf3fb62,3.0
1787f2f57,4.0
7e9ba95b3,3.0
7f4d42de3,3.0
dce4f17c2,2.0
ea3eab2e2,7.0
f3ee98546,2.0
8825893db,1.0
922fd356a,4.0
4c278a44b,7.0
21978fa25,2.0
962bcd128,3.0
bcee5c144,2.0
9d11a4a38,2.0
4c81974c8,7.0
df479283a,2.0
c7817b7ee,4.0
98a400117,3.0
0a9415917,1.0
dee088bf0,4.0
d7d2fdb1a,1.0
4fa97b3af,0.0
5329930cf,1.0
5495304b4,2.0
70c6bc5b1,1.0
14dd58137,7.0
09db2f20d,2.0
0d98a0e83,7.0
aaea4d10c,2.0
4c83e77f6,1.0
415f25b76,2.0
1f8b516a9,1.0
3a6b18020,2.0
802f9642a,1.0
46d473bf7,4.0
ece479280,4.0
d95fa2b34,1.0
9bf5877a2,1.0
848fa385c,7.0
e53f94fb4,4.0
6b96f8571,4.0
340145963,2.0
4f7a1f872,2.0
131c729d0,3.0
1e8e7e65c,7.0
8f627a741,3.0
238ed0a35,4.0
63e065900,2.0
13f9e00f3,7.0
22a020959,7.0
3447d9114,4.0
8754a276f,2.0
b525245bd,4.0
9f8fe1af1,4.0
9fb2b4db5,4.0
8bfbd7b69,4.0
4144d4718,3.0
63b94fef6,2.0
4943a3a48,4.0
4bb3f423f,4.0
806ad8957,0.0
3b068ba06,3.0
d963353f6,4.0
b6ea6380f,3.0
d6b75044d,1.0
250c5cfcd,1.0
ed8da2273,0.0
1ee9de109,3.0
c5b9176e9,4.0
c0f4bc286,2.0
b12b6cf50,3.0
eaf16f627,3.0
af0e5e60a,2.0
de17d709b,2.0
7bd227a53,3.0
46601fffb,4.0
af4e4f8fb,4.0
dab61f2cf,1.0
ea779a645,1.0
c793fffea,2.0
5402bbe59,2.0
d6caaebfd,4.0
abda68a33,3.0
00e0930c4,7.0
29a5eb091,7.0
fb08ee2f6,2.0
3ea4848aa,7.0
0fd70f983,4.0
2e4f75534,2.0
418a0ea41,3.0
cb6c83a0a,3.0
7c1f57faa,2.0
ed4e735b0,0.0
0d7d7f712,2.0
85234cd2e,2.0
8d4dcfa93,0.0
aa6497a09,7.0
116315e5a,4.0
48066d4cd,2.0
7d5409bb5,4.0
27fa40a05,3.0
f19e5ce56,4.0
30dbf42ee,1.0
95258f027,1.0
485b3052e,2.0
bf64b3401,1.0
0dfb116fb,1.0
1d4075c43,4.0
ceb9b4b16,4.0
8fcc36325,2.0
64882d1ec,2.0
cd0c26c8f,7.0
cf785cd89,2.0
54ab8aa67,1.0
7093a3a67,2.0
7321efaf1,4.0
2c9962e2a,1.0
ea831dc57,0.0
3f9a6fa48,4.0
45ea36f32,3.0
581fe109e,1.0
d8f1c5205,2.0
e87a000de,2.0
f575cb059,3.0
0314b168e,4.0
4e5ad9284,3.0
879a0fae1,1.0
666509f94,1.0
a27b73e51,1.0
cfb29728e,1.0
b8505ba1a,2.0
b6d3f91b2,2.0
b0a2c5b80,2.0
4436b7779,4.0
3fe975c2f,1.0
cda48e23d,2.0
6695a0bac,1.0
70d5b3be8,4.0
b5ff4f756,2.0
871aa5484,2.0
0d9768943,1.0
b1dd712fc,2.0
ae049ae99,2.0
e949c7371,3.0
277205e57,2.0
cfaf07198,4.0
1bcd09e4b,4.0
f5083f7fe,4.0
57c9d6381,1.0
a44a7232c,2.0
48583780b,1.0
aa4a66ef5,3.0
2deabc510,2.0
85178a0fb,3.0
3e9399e9c,1.0
e5e56f69d,1.0
37f78704d,4.0
5e7474f56,3.0
9ca48c9c4,4.0
d9ec3d6d8,3.0
9358905bd,4.0
6648e6c41,1.0
a99c5e3e7,0.0
0c64cce50,7.0
488dee151,1.0
dcb662cb4,1.0
86793b19f,1.0
9c84ddcee,4.0
5b013f9ed,1.0
8c4dfaf4f,2.0
d35ec4641,4.0
e615362f2,4.0
c1f06c624,4.0
0612ce99b,2.0
0b7fab415,4.0
2070bc7bd,4.0
1a4ad3a67,4.0
3b5f2c890,2.0
73300df8f,7.0
740afa71d,4.0
be1f988f9,1.0
5f9ce427d,4.0
d50668735,4.0
e6a1a2a94,4.0
911342831,7.0
0f1be59d9,4.0
102cca700,4.0
894aee840,4.0
0e7b56e5b,1.0
c63fbaaca,3.0
a8c50f796,1.0
9cfd0650e,4.0
36fdbfbce,2.0
faf6042f4,4.0
40cd6dd65,1.0
37a1dfb06,1.0
db405b152,2.0
b87039d0c,2.0
e2380436e,4.0
7f5fbcda0,4.0
5b0f4aa5a,4.0
5d531952a,2.0
9734f7963,2.0
0a8ee347f,2.0
5f2057c11,2.0
20cb29e4c,4.0
9cd27ce00,2.0
4e1148452,1.0
ccf0155c5,3.0
a0fdf4a65,2.0
eb8f3ccae,4.0
8ce330947,3.0
f4ce91bef,2.0
3c077a77d,4.0
ff461932b,1.0
85e77fc90,0.0
32e78e555,3.0
6d0075d4a,1.0
4698456ad,2.0
6052e0e37,2.0
dd27f8382,2.0
b4bf00fd9,4.0
e54c14bfa,7.0
034427b35,3.0
9399a7585,7.0
c683e9060,7.0
873ccfb30,3.0
ff8479d08,4.0
0e1128fd7,1.0
a236d4f8c,2.0
198962e4e,1.0
b1c271aed,2.0
80d09d5a6,4.0
b559b1b6f,2.0
49bc1fb69,1.0
7305bf989,1.0
0948c5d05,1.0
fe70af98b,7.0
94ef54d3f,4.0
548dda704,4.0
e085c584a,1.0
0ceb5743a,1.0
c2730a86f,2.0
a27686ecc,1.0
7cf2dc7fa,1.0
635c67049,1.0
d61550faf,7.0
bea1e3a69,2.0
e69d57d0e,3.0
281760bbe,3.0
999095d3b,2.0
3bbb8a39c,3.0
c97c83a49,4.0
e184012d1,4.0
0ea2272a3,4.0
7931cfae9,1.0
7abb52209,2.0
b6da55f40,2.0
59d09726d,2.0
4990eaea8,1.0
110c341f5,3.0
8a732f9f7,4.0
7344a9f88,2.0
f3dd82f78,1.0
fe71692a8,7.0
63131551f,2.0
cdc6a4661,2.0
7ea3d5943,2.0
fc0cfc43b,1.0
3231b8f18,3.0
6bcde41ce,2.0
9d85a347f,4.0
fb32cc6b3,4.0
a31e1889c,4.0
73fd3bd55,3.0
addf306db,7.0
c00244181,3.0
96cd359eb,3.0
aa28d64fb,2.0
d6a2349a7,2.0
cd1b5a754,7.0
34e768a22,3.0
4625c5b7a,3.0
cab25bd07,3.0
6d27ffaa0,2.0
ed063f3e3,2.0
67debb1a8,1.0
67c750dcc,1.0
f787f9022,1.0
30917fcdb,4.0
9478f821c,2.0
58db99941,1.0
3c71e496e,2.0
360935609,4.0
38e72721a,3.0
7f9b5dd23,1.0
bdd762104,2.0
7d7e82533,4.0
70f2e32d5,3.0
9159ad1d7,4.0
702fcec8e,2.0
b80a7ef91,4.0
6ccbe85eb,2.0
4797ff3b2,4.0
324f1daa7,4.0
36ec9c045,3.0
1818c3d47,2.0
959f5fccc,3.0
fbd990f27,4.0
8fc438dae,4.0
4389c53a8,2.0
f0ac6037a,4.0
edfdafb9e,7.0
5a1472807,4.0
90a9be56d,3.0
b532f31ca,4.0
b529dbfb3,4.0
79c1a290f,7.0
6aad7bb32,2.0
8ad2cff58,7.0
ac8a06538,2.0
b8bf93ab1,4.0
1312ac06e,4.0
82a34c159,2.0
dbc64076d,2.0
57c53133e,2.0
dc9e6c9cf,4.0
58534e0c2,3.0
b36e7586c,1.0
a96220890,4.0
1742c791e,4.0
3abca6400,1.0
33ef951c2,3.0
96b2b1be2,7.0
ae5e09a05,2.0
6b95d510a,3.0
5af680876,7.0
b24eff5ba,3.0
7c93d708e,1.0
2261bb5bb,7.0
4c706f3ed,2.0
3ad251303,1.0
458f00e08,3.0
535be46e4,3.0
11f5d0e1f,4.0
08f7b1165,4.0
f7cbf3cec,1.0
593293367,4.0
c1ffb1e18,2.0
d1d3d1e6b,3.0
f4fab46a7,1.0
812b69698,3.0
ed3aa3db4,2.0
aa428552e,2.0
a3aac449f,2.0
da38b157d,4.0
8bbc48530,2.0
c621476ea,3.0
75e47802c,2.0
11c6383be,2.0
e1f5e56ca,2.0
dd78fd4e5,2.0
179a79e4d,4.0
e62192eea,3.0
91456c5a4,4.0
6987f1f6c,3.0
3ad2d5ac8,4.0
14b7b8704,7.0
4e89d7e90,1.0
93ce276e5,2.0
c3d394164,2.0
27f9bcb0e,4.0
d260006da,3.0
4fa0aebb0,1.0
5c6b6c6ab,7.0
22e3ea9f6,2.0
c2a862ba1,7.0
51231911c,3.0
344e96b6c,2.0
6cb05c2f4,3.0
0f546e207,4.0
6452c6e29,1.0
d0ef2bf5c,2.0
92fd65d9f,1.0
da4b54316,7.0
95d9c0d0a,3.0
d4b659ef6,1.0
fad8a5923,4.0
eb202445f,4.0
5523bad2c,2.0
44b20d6b7,2.0
831f7ee13,1.0
691ab8f2c,4.0
8680b9acc,4.0
fc95f7cfd,3.0
56b31dfc8,3.0
13b608198,1.0
d4ef988f6,1.0
97da53dfe,3.0
598901beb,7.0
0127736a6,3.0
c15d51573,4.0
91cc4107e,2.0
f02a8bc4d,7.0
98882017a,7.0
3f3e0d53d,4.0
401c536c1,2.0
a77e073a0,1.0
b39849240,4.0
3209d52d1,7.0
a0ec7cf40,3.0
8aff1201e,1.0
a12a10d00,1.0
668afb604,3.0
a16c6b680,2.0
b9ff42d12,1.0
a1ee4f201,4.0
50f9e8f17,3.0
f4c44b59d,3.0
cefb15d2c,0.0
907169c5b,4.0
b8f4c3c95,2.0
5707be9f3,4.0
5865981a4,1.0
cd5592936,2.0
924d44c8a,2.0
77345c2db,2.0
72b99e2ae,4.0
c9ce77a95,4.0
9d4b9930a,7.0
f21da20fc,4.0
28137846b,7.0
0cb3cbf77,4.0
f23f2db4b,1.0
bcc4aa3d9,7.0
4491de321,4.0
ea7598339,7.0
ad801a8ce,1.0
d5988d870,4.0
a5d86ea68,4.0
2e3449b33,7.0
f5d06788a,1.0
720eff32a,7.0
4af176d8e,7.0
2a17e8f4f,1.0
3b3a99a18,2.0
80c3d1f9f,2.0
3b5a83169,3.0
02b0f3446,2.0
fa9d9b93c,2.0
692d73b55,1.0
3319d440f,2.0
ba748f786,4.0
029bdf8bd,1.0
77e601459,4.0
12ec862f5,4.0
49e81cf20,2.0
551aca569,7.0
8377e3305,7.0
b259fdd5a,4.0
e831231c9,4.0
0645448d3,3.0
ce09f2bb1,1.0
584d32416,4.0
a7fd44d7d,3.0
d65a7de49,7.0
7a095d876,7.0
865e24ae0,1.0
a29f49d6c,2.0
199da5b6a,4.0
e33d26ad6,4.0
f2bab5d80,4.0
2104caaf9,2.0
de45fe798,2.0
e5e2873f1,4.0
f18291f39,1.0
646e56f49,7.0
666bd3fab,4.0
47eb6ee01,3.0
8976b7cf4,7.0
6dcde77ea,2.0
5e3e532b5,4.0
a98931539,2.0
1ffbf011b,4.0
c562855bc,1.0
a84af6ee2,3.0
6899a9e01,3.0
7776e2d5a,1.0
2452e35cf,1.0
f8bea5412,3.0
2ddb52b59,4.0
2b0a1a92f,1.0
b062268cf,2.0
e9f1cb6fc,4.0
84b75d037,4.0
890f524ea,3.0
abd7a3644,2.0
b7bb469a6,1.0
c73207e60,4.0
cf7f7519d,1.0
3491ab0f8,4.0
418e6c96e,1.0
2aace4809,3.0
966a52844,2.0
d476fb3d2,2.0
bf0f66c76,2.0
fc85482f3,2.0
c67ceb1a0,1.0
cdb61e4a0,4.0
9b8d83072,4.0
887f6ea41,3.0
5367dff7f,4.0
fa58c9482,4.0
17b6af953,4.0
d656d0310,1.0
a377f17dd,4.0
249937485,1.0
a069b68f4,3.0
5ae2c6586,2.0
520d525ff,3.0
3a15914ff,1.0
efabc5b4b,4.0
e99b5652d,4.0
04bde3a71,1.0
88305c625,4.0
53e099571,2.0
f257f7b7c,4.0
cdbe39dfe,4.0
9e561264d,4.0
67aff78fa,2.0
33d6da4b6,2.0
6f40a3c89,2.0
fc3c2dd1e,1.0
c1edd8a2f,2.0
e19863a14,4.0
492e3ceb1,3.0
9374ff179,1.0
fc8b748d4,1.0
939acc4e1,4.0
021a9de0e,1.0
94f6ffdc5,4.0
07b908a27,2.0
eca91551a,4.0
43345b4d1,2.0
e4e95454d,1.0
f4d2ef282,1.0
4e83295b8,0.0
38c6148a3,2.0
75b33cd1d,1.0
acd2a8c15,4.0
27f1ab010,1.0
61d424371,1.0
28d8df59e,0.0
9a22a83e2,2.0
08e23c102,3.0
623300e2f,4.0
5859b26d9,4.0
c3e040ffe,0.0
e93b2f0c5,2.0
c48a522b3,4.0
f68a1df39,4.0
8ba686c7e,1.0
f01c3bb35,2.0
ea929133b,4.0
c46cf28bb,4.0
4209fa995,2.0
7853f1e92,7.0
2a91e876f,4.0
d10df409c,7.0
ced9a6c48,4.0
cc00ec8af,1.0
b93342403,2.0
d36ee84f7,7.0
9524f76a9,1.0
b071e777a,1.0
c5d0607cb,1.0
6818b2d64,2.0
3b0903573,2.0
6f88e50dd,2.0
58bc50f1f,4.0
da5d53c00,4.0
ff6a36405,1.0
4030bbd83,7.0
472085bac,2.0
92ca39ce0,1.0
7fcd35630,2.0
709624933,2.0
d97764d17,0.0
1eea05736,1.0
1710b366c,3.0
c59084b7c,3.0
f5dbd310e,2.0
f939792e8,4.0
9d89b799b,7.0
1d02ad034,1.0
226380287,4.0
8a59526f6,4.0
249509f8a,4.0
3a673e7d7,4.0
db6e76992,4.0
e0289dee8,4.0
f5a8a54ce,2.0
648bd1c3d,1.0
e79df36a6,2.0
fcf7d8381,1.0
e1ce677f9,1.0
0cdef531a,4.0
381a60376,1.0
3d01f71e3,2.0
4839a3341,4.0
4dfef2414,1.0
61cbbdd94,7.0
f31b80761,7.0
2d3dc1e5f,4.0
ce5ac7852,4.0
77bbda99a,3.0
5e6b02a87,4.0
0b1b7aa36,3.0
4de594c69,7.0
38c3d8dfd,2.0
7de87b236,4.0
21b9aab99,2.0
be7a29ccd,4.0
4985e9abe,4.0
fb7bf0ca0,4.0
09d59aee2,4.0
4bb026f02,2.0
efbf3fdeb,7.0
a818819d5,2.0
65fc88ea0,2.0
42ec28f72,4.0
07c6aefa5,4.0
449cc4db2,1.0
5664dd8ba,7.0
0a3470446,3.0
0cab5ddae,7.0
ed4913e0c,2.0
40b697009,2.0
e19165754,2.0
56045ba61,1.0
fcb54a318,1.0
9f36f0f04,4.0
777d0efca,7.0
ae708432d,4.0
365206401,7.0
491c028ed,7.0
dada7fb95,1.0
3fd878e1e,2.0
219c41ecd,4.0
4832858f6,1.0
24e0c1639,3.0
27959c6c3,4.0
e8307f240,1.0
8805a8cdd,2.0
e9dc7be0a,4.0
9c140b105,4.0
9801f4683,2.0
62b8e9b2f,2.0
01875b8d3,2.0
9cb0fb630,2.0
8d676b37d,2.0
bc9558ff2,4.0
b6bb74e90,4.0
13344823a,4.0
2285258d2,3.0
d765b180a,3.0
35a056eee,4.0
65cd649d0,7.0
5ac03395e,7.0
88af72d1d,1.0
f78fbca66,1.0
1c094491f,7.0
e02a95978,4.0
b4be456cd,7.0
57782e75f,4.0
6211d8c3e,4.0
d24706633,4.0
a5ae6d01f,1.0
a3fec2010,4.0
4e69d6c1d,3.0
81fbbb6c1,4.0
4fa1c4bb3,7.0
19697ef26,7.0
0225d2093,7.0
f17310c7a,1.0
46213a698,4.0
501f25ca4,4.0
a2c13fe47,1.0
0e0017da1,4.0
5083eb734,2.0
3f570eddd,1.0
79b187ddd,2.0
d62daa8aa,4.0
1eff820fd,2.0
74c030e17,1.0
d79150217,4.0
3ea5eb51e,2.0
e5a74faf8,7.0
173f58d6d,4.0
1bb5c925f,7.0
a1e98773a,1.0
df62c69f8,4.0
a73b445eb,2.0
cd733bf3e,7.0
f5757f749,3.0
e8c3af611,7.0
5f02c5d6a,1.0
a04c20b92,2.0
053553ce4,2.0
079e8e5f9,2.0
543d9876c,4.0
f2ec4f702,4.0
89d0b4fb6,3.0
3ec60effa,1.0
f6558ec0c,2.0
564de5216,3.0
f1145e2cf,3.0
14f5b8bc9,1.0
d6cdc667d,2.0
f409d6a5e,2.0
e755eac8d,1.0
155a65f45,7.0
ec40f5094,4.0
e95209758,1.0
d81227440,3.0
8127fc86a,4.0
1035e7647,4.0
d1d41875b,1.0
c582aebc9,1.0
94f77f167,1.0
ad8988d66,1.0
cf92c9e53,1.0
06002068a,7.0
a59595a9c,4.0
3b1338c6a,4.0
008652963,4.0
ba782d334,1.0
f04a92a4a,2.0
2d7641a19,4.0
5484f83ae,1.0
87fe1190e,4.0
c34aee1b5,7.0
0cbeef62d,1.0
d2ef6b0ce,4.0
8ee0ff988,7.0
1d32fdfed,1.0
83c1393f0,4.0
9ff3e17f4,7.0
2bd19ee29,7.0
7dc269289,7.0
269c5b546,7.0
8782635cb,7.0
bc02cb144,2.0
18cacd57e,1.0
d9178e623,4.0
de2bc6e36,2.0
04bf94e58,4.0
c4e6813a0,7.0
e620584f0,2.0
6d3d182a0,1.0
81d8fd9e5,7.0
6c8c56c67,7.0
5d1837cd4,7.0
b2fa9e76b,3.0
b8a186468,7.0
97d1d73b3,4.0
5720aeff2,3.0
6b7d0706d,7.0
619796969,4.0
03154323c,2.0
150a5414c,7.0
8424fd925,1.0
da7325042,1.0
2def730d7,4.0
ef33e9e92,4.0
be0459ccd,4.0
8dc7050a9,1.0
8765b34f0,4.0
0d08cbd65,4.0
09bcbcc17,7.0
1956274ea,0.0
c8d83fb64,3.0
e1a495eab,7.0
c82b3dab0,4.0
16798ef33,3.0
0f7cc9fd2,2.0
0f9b5ff24,4.0
5e1e9c882,4.0
f08aa7ed0,4.0
501e6fe63,4.0
492eadc03,1.0
9363d667b,4.0
e25d4b735,7.0
c25ee1d60,7.0
6a0735a13,2.0
403526eb2,1.0
803d6cf84,3.0
61fdfed5d,7.0
7cf00baee,2.0
f23747800,3.0
17d68cef8,7.0
d1df0dad6,2.0
7fd12d3f2,2.0
6f9a671b4,7.0
e323527e0,1.0
0ce86c383,2.0
d099b1398,7.0
5d3bb458a,7.0
dbfefb3b3,3.0
97fe38408,7.0
b67e41f4e,1.0
6b21752ff,3.0
6180f6ea5,1.0
a6c057095,1.0
4606d080b,3.0
c5ae58b37,0.0
64b9f1fda,1.0
0dcc28c74,4.0
e2bf9f9d5,2.0
6007379d5,2.0
392549cdb,7.0
c196499ea,3.0
bb23a06ee,1.0
75de594dd,4.0
e88e25bc4,4.0
a37639b9c,4.0
adc1072a0,4.0
ad69768f2,2.0
31b2ab140,4.0
be78caa07,4.0
e58935876,1.0
f2847575d,7.0
f06c3f277,1.0
ed9df93fb,4.0
cf5e1dc3d,4.0
0bdba53ae,7.0
d8ce2e155,7.0
02b507e40,7.0
ad0caccc5,3.0
7d43db30b,3.0
d0a129570,3.0
604aa6cb8,4.0
d72c7293d,3.0
d6c907902,7.0
c081d3629,7.0
d2d8c78da,3.0
617d58794,4.0
264ad33c1,2.0
eb15fcf7b,0.0
f40eb5fc7,4.0
4fff73fbc,1.0
53ebc9425,4.0
26aa5370d,3.0
91d0fe78c,3.0
a317c7e9b,1.0
262be4911,4.0
51cacc4b8,4.0
96b4e9b27,4.0
26bf3371e,4.0
2fb04c8d1,2.0
8777d5920,4.0
a503f69fb,4.0
391c07663,3.0
55b816700,0.0
90161ee44,3.0
2f3988b4e,1.0
11e4b614f,2.0
c312136a2,4.0
e84dfb7e3,7.0
8a81178e7,7.0
1a44d4bd3,7.0
7a9e25e6d,1.0
c503574aa,7.0
ac3f4aec5,7.0
747bc9980,7.0
6be275cb4,7.0
d101f387b,1.0
c2acce386,1.0
265349cc8,1.0
f61d4e0ce,7.0
be3541c2b,2.0
780c51dfb,4.0
492d4d9d1,2.0
0d5b06046,4.0
a0b61a03d,4.0
a3276b6b0,7.0
656459c70,4.0
5000e7fbf,7.0
544ec9871,1.0
0b44f7b2d,4.0
6d274a559,4.0
794b6afa7,0.0
13921978d,1.0
3a28466a7,4.0
620cca3f1,3.0
eefa6bc4b,2.0
49f8c1385,2.0
e38d6e4f5,2.0
9722dfe17,7.0
6f5c2fe62,7.0
835330218,4.0
d860e093a,1.0
5f5e29352,4.0
83e0eec2c,4.0
dbe03d1b1,7.0
4a3e2c329,4.0
c4130437e,4.0
c27a59f51,1.0
21c450753,4.0
ebc4b3548,4.0
750acb170,2.0
9ba164213,7.0
6a06314ec,7.0
a794e3245,4.0
ade2c8e9b,4.0
895564503,1.0
3e2f3ee14,4.0
7db59afc0,0.0
af903aff1,2.0
6ebd84e06,2.0
65277b6d7,3.0
be561a907,2.0
2cebcd19e,3.0
68e9b12ba,2.0
738f6cf50,4.0
432d3c29e,4.0
82980ef15,3.0
1b848cdf5,4.0
f0d308e46,4.0
2cd5096a6,2.0
4c1e81d8d,4.0
395c4755a,1.0
81ac0fb65,1.0
e1f809f71,2.0
be046e917,1.0
e5c51e06f,7.0
890331874,7.0
a0f2f3a98,1.0
2525ffd0e,3.0
d9a7bd1ba,2.0
b712513e5,4.0
9ddc11ca4,2.0
3345f233a,1.0
34991b47d,4.0
50dd87537,1.0
eb137420e,1.0
df819f3ee,2.0
32452548d,7.0
1be31efce,1.0
b5011ed9a,2.0
97feb67a8,1.0
8cf4c5c06,2.0
3182e9bce,2.0
cfaf7de5e,4.0
89b4c43c5,4.0
ee44ef33e,4.0
819235a42,4.0
c4c19d43c,7.0
3b9687893,7.0
d7e104a48,4.0
ccd591803,7.0
f2a308ca0,3.0
377525d70,7.0
1e576f92e,2.0
696594a39,0.0
ba0ba7f44,4.0
1dd9721f2,4.0
666106b61,2.0
1d8495b98,1.0
2cbaca583,7.0
27f70f392,7.0
90680906b,7.0
94597d934,1.0
24c6b615e,3.0
4688625ef,2.0
d77ac5f93,4.0
063fa26e1,7.0
07dbb240c,2.0
3c2ce0ba9,2.0
1d1110e0f,1.0
9036318aa,2.0
9d410d32b,2.0
4404e872a,1.0
84dfe2c15,0.0
924619a26,2.0
84e1db7dc,2.0
d82750586,4.0
55ec0af11,1.0
2c21622cd,1.0
c1557abd9,7.0
7eaa87d85,4.0
edcd62673,1.0
af04c6a53,1.0
13d7443f3,1.0
b97e71736,2.0
cc16c57b1,1.0
cfe0aa64d,1.0
e00b300ac,2.0
1da2421c1,3.0
468df34cf,1.0
cd1449614,7.0
215444947,7.0
bec90a323,4.0
163dc4d89,3.0
3d1c9a9de,4.0
4bf987dd7,2.0
5a30e83b6,2.0
a1c4bafbc,3.0
9dcd790ba,2.0
e16ded132,2.0
64da5bdfb,1.0
728a8abbe,2.0
d33a513b9,4.0
d6cf66f88,2.0
909ec4551,4.0
6c36797ec,1.0
f4066f08f,4.0
c489b585f,7.0
dde64fc3c,4.0
716b775c5,2.0
8fb635a06,2.0
cdf9f66bb,3.0
ef4c0b081,2.0
bb183e8ff,1.0
6f517ca5c,4.0
1a5b2e7f5,2.0
5965402ba,4.0
f8ee69cf8,4.0
beebe07cc,7.0
85df22b65,2.0
b141470ba,2.0
b9ee7bf8d,1.0
a3bc7e59f,3.0
8738e190f,7.0
f90a6d4c4,3.0
a5dc0bbbc,7.0
b74bd3020,4.0
e031dc611,1.0
d0c8d7387,2.0
ca96fb21f,7.0
8c3162593,7.0
80e3af9d9,4.0
d350af949,4.0
bbd1d4ce0,1.0
089c12018,4.0
0a2e0e0f6,7.0
ce7e32055,3.0
af55ed15d,1.0
80ff8b48e,3.0
05edb2128,1.0
340ecb533,4.0
4eeb96cc3,1.0
fec4a755c,2.0
bad0fb576,4.0
9178579bd,2.0
6eabb467d,2.0
36fecc4c9,4.0
4a96d8135,3.0
85b473fcb,4.0
e2f1962cc,1.0
1a040afde,3.0
03dbbabb2,7.0
acdaee1fe,4.0
8104be332,7.0
561d58f66,7.0
993049fd6,7.0
d7e70c440,1.0
ec5797f90,4.0
516f90e93,4.0
690709a80,3.0
6a7859258,1.0
167b39378,1.0
4e0c8b399,2.0
343110be1,1.0
204635b74,1.0
b6cdfd1b6,4.0
e149de7e6,2.0
b5834d69d,3.0
239662051,1.0
82647c4d2,1.0
4978f1572,7.0
bacd8d370,4.0
c7fad571c,4.0
98b83f118,1.0
5c7ddb10a,4.0
3ea191921,2.0
f9a8bc654,7.0
48b0b3d3e,3.0
560fc0423,7.0
e5a2f7610,2.0
fb3d8e662,2.0
c480e2beb,2.0
53dd0049b,3.0
52d662dee,1.0
6c5a4b9c4,1.0
c1a7655c8,1.0
a393ed091,1.0
573c578d0,1.0
45844321f,7.0
cb3a64f64,2.0
4df68f4e9,4.0
db3963f04,7.0
df9e82f13,4.0
6c1e84b70,4.0
001d503e8,4.0
3bd285147,2.0
120cbcd94,1.0
a3cabb21c,4.0
16c22e266,2.0
6c503f822,2.0
6e58b7b25,7.0
488b3d3c9,1.0
2d93f0bcd,4.0
74ede439f,4.0
74c6bc410,4.0
7957d3691,4.0
07136908b,4.0
ba057ca1c,2.0
d6da01c6b,4.0
4f9bca7e9,3.0
b0f6117c2,7.0
a0011c6eb,4.0
860344fde,4.0
bb888acad,7.0
eeaa62643,3.0
24f3cf2a0,4.0
0764a7eac,0.0
4082723d5,7.0
61a560fa2,4.0
90c076d07,7.0
d77000c72,4.0
ae418e62b,2.0
90d28943c,4.0
13ea5fd8d,4.0
8c296fe1e,7.0
1bbcdf7a8,4.0
0484a5ca3,1.0
b3bbe5f53,3.0
bb92a7567,2.0
ab2f40da8,4.0
1a778db04,7.0
a69bcb570,1.0
0fc9527f4,3.0
782e979b9,1.0
884dd8f25,3.0
5b211451b,1.0
70b11a7df,4.0
43f1d89d3,2.0
049e36678,1.0
9f61094e3,3.0
1f69be259,2.0
8b9f17174,4.0
aae936b8e,3.0
e90037f58,7.0
c559c6127,4.0
b65d0a984,4.0
6d4b0c3fe,4.0
b4c43aecc,7.0
adab615b2,1.0
74d3658c4,3.0
1fb9dbf3a,7.0
da4c16351,3.0
ed3c0df6b,2.0
f77ba9bda,4.0
dc3e4941b,4.0
ac67e44d0,2.0
1e2de68b7,2.0
9394c8f0e,4.0
66b44fdb3,3.0
ebbee9521,1.0
2fbc547de,3.0
938349c86,4.0
9657c7cbe,2.0
2ba214359,2.0
dfb9314ad,2.0
0551cb75a,4.0
bec357108,2.0
f8fba9187,3.0
8a043e726,4.0
734a6d4dd,4.0
e3eb4f930,1.0
d32369074,4.0
c86a2a0a1,1.0
c27d5330d,2.0
fee53d60d,2.0
47b7eb84b,1.0
355ad26e3,2.0
0c9d49657,3.0
751d8b175,3.0
74670724a,2.0
cc22b55f9,3.0
80b634cac,2.0
b1abcbcf2,2.0
72640001c,4.0
dbf9cb69f,4.0
8f1e51824,2.0
f7d08e1c3,2.0
3a7672d05,1.0
810d4289b,1.0
109163b2b,1.0
cea1e7845,1.0
2a9c5eab2,2.0
2b2a7ea83,2.0
1ea0c2a00,4.0
c24f53ec1,2.0
a2bdcdf43,4.0
93bfe3b45,3.0
a81c4083a,2.0
d1405c482,7.0
da68d90bc,7.0
430c7ea97,7.0
e0e62dbf1,7.0
615069b7a,1.0
a94f82184,7.0
bc85444e9,4.0
285806a87,3.0
c4431962f,7.0
9ab85d40c,1.0
c4c846cc5,4.0
7d8a1df6a,4.0
17166b40d,7.0
13f4f8d56,1.0
12dc0e350,1.0
5a6f06939,2.0
cfab64c1f,2.0
9090dfe7e,3.0
cdd0834a9,0.0
3b54d2ff0,7.0
ca093707c,3.0
450f42a03,7.0
d8d8cdf8a,7.0
6f57a612f,7.0
ce81260f8,1.0
f2695ba4e,7.0
c2bde6c93,7.0
623593736,2.0
4ecc7b377,2.0
a8eb87a19,4.0
44fbf0b84,4.0
095faabaa,4.0
f2184d6e6,2.0
196f254f3,2.0
f8110e44e,3.0
626f21a1e,7.0
7ae197acc,2.0
6fc48261b,1.0
015908ecd,4.0
095af2118,2.0
464155b72,1.0
b19ca2e62,4.0
569399673,1.0
6e388ef09,7.0
8a0a39ae9,2.0
08ae3eed1,1.0
9c05b8a69,1.0
1e699664a,4.0
b9ff9ae11,2.0
4d14064e1,4.0
e469320e2,4.0
a893ddc9e,3.0
9b47ee109,4.0
bcb1ab1be,0.0
7e3b71ed7,2.0
0f4cc4df3,3.0
bef4865b7,2.0
ffb1e35e1,4.0
640d9a19f,4.0
d7dccc77b,2.0
048e1abc5,2.0
8f2f6c34c,1.0
d1bf21817,1.0
dfc29cb25,2.0
1c3eaf19f,2.0
f6cd9f56b,1.0
b0a668568,1.0
23909197e,7.0
82a8df609,2.0
314154cb7,4.0
8b11bd238,1.0
52efba7a7,3.0
cf125d1f6,1.0
d63a6beee,4.0
1e46578c9,0.0
2b61cadd0,4.0
340889612,2.0
5b99137ac,3.0
eb94e7e3f,4.0
ddc357f3f,3.0
b588edd6b,7.0
452addaa7,4.0
8d0e4ce0b,7.0
23b2aa9f4,7.0
191edbe3b,2.0
4893339da,7.0
34deef477,3.0
8d0971a45,1.0
e9cdfb442,2.0
d3b88d06d,3.0
0b2f6de07,7.0
4dd4ef76e,1.0
868a6b282,4.0
3e8500c2a,2.0
fd9b5220d,2.0
82ef0904a,0.0
f8bf1f182,4.0
23a6650c4,4.0
5c5189b56,1.0
e7512e549,7.0
b450df98d,4.0
e4bfe1a51,4.0
ca35dcf38,1.0
6af25b653,7.0
dd74fd4b4,7.0
e73771274,2.0
91c55d736,2.0
a66cf0ee6,2.0
1961d814a,7.0
8a154135a,4.0
d5bebff81,4.0
054095655,4.0
8f9f7d3bf,4.0
ee8197788,4.0
27a5c14a3,4.0
4a628d5ea,4.0
0e4eb6bed,7.0
ba7974eea,1.0
e7c1f4c71,2.0
280a19fde,1.0
6742b2f4c,0.0
2c840da5c,4.0
4dc8a3de6,4.0
7e7eb03c8,2.0
63abb7d89,4.0
e853ed0d4,3.0
14aea25a8,1.0
52203fcdd,2.0
c91979f9d,7.0
6ef2a9710,4.0
a8ac8b270,4.0
9303a5a96,2.0
f0c4bdaa5,7.0
bb7a0dfd8,4.0
adb569968,3.0
5faac2a37,1.0
420faace4,3.0
78eb1ff40,4.0
f8aed2e9a,2.0
f151b8040,7.0
f3e8d96d8,2.0
421c20853,7.0
4dd31f93d,4.0
c4aa1d0ef,7.0
0de1a6efe,1.0
c250a6441,3.0
9843bb7d5,2.0
bde4e196d,1.0
37a3ca9d9,1.0
ccd3bd37b,4.0
3ca634c68,4.0
511351d55,2.0
8d9239735,2.0
deeab0fc5,7.0
5fbd4aa53,2.0
814e4dfce,3.0
91c57560a,1.0
5bc91f92b,2.0
5cad62f10,7.0
d3f0d7228,4.0
e85bfa7cb,2.0
9e3c82b5a,2.0
8eedeb405,2.0
fc428902e,2.0
baae8f4bb,3.0
dd3b0c971,1.0
50ae487fc,0.0
634a2d6ed,2.0
5aacfa367,3.0
4240ae918,4.0
e2de606a0,3.0
2ebcb2e02,3.0
9911add5b,3.0
4d0bf11c5,3.0
4f46a02af,3.0
d5816f5e7,7.0
c2224af98,4.0
a33c493e0,3.0
cc5ebb4b4,1.0
bbdd7b4f3,2.0
158676d7c,3.0
3d4f0fdfa,4.0
d58bbc78f,7.0
9fa384850,0.0
7112385de,4.0
18900149e,3.0
c8c7c7ee4,2.0
28325b3d5,2.0
5604b1b4b,2.0
a7900f4ec,1.0
c12240672,2.0
7ed005178,3.0
fe8797927,3.0
fe38d5ffc,7.0
8236e216c,3.0
fec5d79d0,7.0
78e4fc283,1.0
361f3f278,4.0
2ae6cda7d,3.0
5f1ddbd0e,2.0
d689e43d3,7.0
501c6fe9d,2.0
da9bfaabc,2.0
2bf80cc03,2.0
97eca3abc,7.0
eb34642e2,4.0
8a369e08c,4.0
6e72dafda,4.0
169a47ceb,1.0
28ebbe75c,4.0
cf019d00f,3.0
b1a73b0b5,4.0
26645d7da,2.0
6cf10fb6e,4.0
318800c44,7.0
a90798045,2.0
f23b5b477,4.0
2ee1902e6,2.0
21b47468d,4.0
89c864b4c,7.0
9595e492d,7.0
159a08149,2.0
45b43d15c,4.0
44405c1c2,1.0
a9ec7f379,4.0
191ab1abf,1.0
81cf77a54,2.0
78fe45793,7.0
9b01619e1,4.0
cd9f0fa1b,1.0
1ed6caed2,2.0
5de46abf2,0.0
939027417,7.0
b9c01e7c7,4.0
fd56d5adf,1.0
c310dc8e3,4.0
a5c3f9153,4.0
a2d789b33,4.0
caa619b24,3.0
63373bde2,1.0
7da0b6748,2.0
6f01fa715,1.0
cf823fe95,2.0
c9456de8d,4.0
e2f74b914,1.0
9751c20f0,3.0
5ff8d0fee,2.0
f3ca28aa1,2.0
be1caa2d1,1.0
0d882a77c,2.0
2ca54759a,4.0
79304a92a,1.0
fd86921f6,1.0
e03bc04cc,4.0
a8967b31e,4.0
e4e371d1c,1.0
8e5b5c870,7.0
b5c68765f,4.0
ea9a1ee5c,7.0
7d7bd1619,7.0
72d018a35,7.0
14bcc4bbc,7.0
8402edce8,2.0
dabf95220,2.0
5aa096eb1,3.0
3eed772b3,1.0
3bbb69d2e,3.0
f1d3cf2ab,3.0
3d042de99,3.0
4083b5e8c,1.0
5f4c80ffd,1.0
36d94f9cb,4.0
feceba12b,1.0
922418176,4.0
73f415b05,4.0
55f4b8bce,1.0
6132d96a4,2.0
716cb539f,3.0
527395d87,7.0
34c8e456b,7.0
5fcd4c375,7.0
647e1be95,7.0
62fa55a91,7.0
ca3eb54e1,1.0
6b05a04d2,1.0
e6e981d78,4.0
8778a9795,4.0
d2f3e3e49,2.0
58c0aa81a,4.0
8f1e6e6c2,1.0
88a0b1238,1.0
8757bc681,3.0
48a067308,4.0
ccba2b8d1,1.0
d56dc92cd,1.0
fe5560b70,1.0
99bc2a7a1,4.0
5c12667cf,7.0
5d29f2f11,4.0
810167339,7.0
52a0a3cec,2.0
31fd29beb,7.0
eb6c41d6e,1.0
3ee57f395,2.0
eeff4034c,1.0
d57da0106,4.0
570c5ffad,7.0
19d84f9de,4.0
12b8e4da6,4.0
e739d7511,7.0
8ae52d40c,4.0
a2f165942,4.0
a3b0f3b7b,1.0
492709e57,1.0
c67b5c182,7.0
9eb87edab,4.0
d7432fac3,3.0
7031a5cda,4.0
8e6725dbc,2.0
3fd732fc4,4.0
9f033fb12,3.0
d5fe28556,4.0
deb592585,4.0
8a356cba8,2.0
67832af51,7.0
f78d67427,4.0
41eeba049,2.0
030068497,1.0
5bee7560b,4.0
d5d923c09,4.0
e65dc3c7f,2.0
c6b44f4a6,7.0
7c733881a,2.0
9860ed0b0,4.0
3cf371788,1.0
2a9eb32cd,2.0
ba1065a24,4.0
133cd6876,2.0
0e8e7640e,2.0
8b994fc99,2.0
90dc5236b,4.0
bc8cea83b,1.0
eedb57cd6,4.0
963ca7ec8,1.0
bc2272277,4.0
61217d1da,4.0
0dbe0a1e0,7.0
294c406a4,7.0
e433950d6,4.0
98b106dc9,3.0
3faa593ae,7.0
d501b2fa5,2.0
b9bd43ed9,1.0
a74808fe4,2.0
780a11e8d,2.0
663a6ad3a,2.0
780bc6ac8,2.0
43c4e22f0,4.0
9854d0dbc,2.0
48c6e1680,2.0
077883558,0.0
bdaa4e12c,4.0
858cb8fb2,2.0
1854cbe64,3.0
301987149,2.0
7545c106f,4.0
a24483828,4.0
5509758d7,4.0
047a3dc86,4.0
8075da3a6,2.0
56400fc6d,1.0
e4d63203c,2.0
0cf8ab092,4.0
b5cd50120,1.0
8473ea25a,2.0
ff4bad8b2,2.0
4f11633ff,4.0
e6b83f75f,0.0
51147d230,2.0
e929b302a,1.0
3a6f2ca7c,1.0
be490ac3d,1.0
0111099f8,4.0
b1b29893c,2.0
15c078a1d,4.0
2204006b0,1.0
abec498d8,7.0
627896ec6,2.0
160605a86,0.0
71d223ded,2.0
c871ea250,4.0
68fcb36db,7.0
4e68b3f75,4.0
c162b0da6,7.0
0c8374d8c,4.0
6f417401b,4.0
bc3eea132,3.0
b7de115e8,7.0
96ac73ad0,4.0
2deb7e923,4.0
1ec864536,7.0
6e207f192,3.0
99898aa3a,4.0
4a6c731d1,2.0
52eb2a1c5,4.0
e1b1b7248,4.0
4b45e3d52,7.0
769c05615,1.0
4a79d0950,4.0
a3ccc451e,1.0
53d3d6316,2.0
4c93e6f35,3.0
ad8fed7c3,2.0
f3541b1bc,1.0
46b61a2d2,1.0
ba7801d57,4.0
89912005b,1.0
22292c841,4.0
bc06d9ea5,7.0
e29dc89da,7.0
0575615fd,4.0
9883ba0a6,3.0
cb6f9335a,4.0
eb5a2cfc5,2.0
a4d1de41c,1.0
b63a8ba44,1.0
bc5944086,0.0
ff1572529,2.0
58af165cd,1.0
dcf9473c1,4.0
a2a734348,7.0
630891c65,1.0
2e81f8cef,7.0
508811830,3.0
3d815b4bc,3.0
9a8ca9c92,3.0
5964afef8,4.0
cd802e76d,1.0
cc0b7f03c,1.0
681e534db,3.0
9406dfde7,2.0
a2f0eeabd,7.0
2fa420bfe,2.0
59f99eb7b,4.0
e2d8f6d49,2.0
4fdf852e8,1.0
72943b6ca,7.0
fc5485a38,4.0
f897ce4ca,1.0
33a84e982,1.0
9d437314b,2.0
0da144b18,4.0
b30881bd3,1.0
33c3cb115,1.0
2eb02905b,7.0
707656d7f,4.0
e49499be8,3.0
8a2040751,3.0
82cb3eb59,2.0
6b467cb2c,1.0
775496f57,3.0
144e57740,2.0
1a5f780f3,4.0
40116a9e7,1.0
fe1e4e8fa,7.0
5d3a4b13e,4.0
4ca157452,1.0
a0367f7e0,4.0
50a4dfde7,4.0
ed577f8ab,2.0
1b5c4d501,7.0
b73ee88dc,4.0
b250f4035,3.0
b149e391c,1.0
2098c5f0f,3.0
ce31622c6,3.0
38e9f3adf,4.0
81a0ebc2d,4.0
426f88f29,0.0
8d63ab362,4.0
1e6db8eed,1.0
519e13c1d,7.0
d1e418fba,4.0
a67b605e2,4.0
b9e9b509b,3.0
934b61e2c,4.0
2e050c364,4.0
03dcdcd53,3.0
38ca1a419,2.0
e5a2705ee,3.0
864d55acb,2.0
86b85538f,1.0
1456605ea,4.0
770645378,4.0
56a14ce4e,2.0
1f45ecd7f,4.0
1dc9e73c9,4.0
4e1661dc2,7.0
4978f492e,7.0
824f345bc,4.0
0c6769645,2.0
0a7828493,1.0
b6f3c32c8,7.0
d884d352e,2.0
f03f3659d,7.0
e4027ba6e,7.0
07e70b072,2.0
cdc0bf103,3.0
68a9559ab,1.0
18421f390,7.0
1c4a812ae,7.0
9215a884c,7.0
63acf4157,7.0
d7c965c59,3.0
7e391e8db,3.0
dcb579a64,3.0
5c6f6badd,1.0
8e52286c5,1.0
aa1f77b38,2.0
7ad5a3645,4.0
5e7916308,4.0
6250e5e1f,4.0
33afc5ea7,3.0
1c99fc32d,3.0
2c7904769,0.0
3bb3c3f41,4.0
fc8281dd8,3.0
f60dfc2a2,0.0
d0120359f,3.0
403c6cb85,1.0
07d914139,3.0
924323d36,2.0
9576d6820,4.0
3c7106b78,4.0
b0a509d5a,4.0
43a02bfb3,1.0
635d7d444,0.0
59898b90b,2.0
d5f80ffa1,3.0
bab6d2bbc,4.0
1145e3572,4.0
310e11cd8,4.0
1f7f25cfe,2.0
53ba70fc9,7.0
034770757,4.0
ff736aed4,1.0
52d52114a,2.0
b2ba57174,2.0
b452fcedc,7.0
8a28ff135,4.0
224754b26,2.0
d9801429b,3.0
f79ecce0a,4.0
d949d3c85,1.0
26c978408,4.0
29558e678,4.0
c68267a21,1.0
5037b355a,1.0
6fd6bbbac,4.0
1e1acbecb,4.0
24387278f,1.0
eab678e04,4.0
7698dd2f8,4.0
86c35d610,4.0
d5c8e8f95,2.0
40b28c8b2,2.0
13b5d77c9,4.0
0c4c94d92,1.0
80e71a429,4.0
0871b29c7,4.0
737963888,2.0
83e756b85,2.0
eaf4ce405,7.0
3bb5701db,4.0
bb88016dc,7.0
1edeefc59,2.0
4d3d5de63,4.0
bed0a2dd0,2.0
5c11b7b71,1.0
771236ce1,7.0
199ae3a3d,7.0
609a19425,4.0
c3979d74c,1.0
a3c11ffc0,2.0
5f484ce83,4.0
d5dc8e2ed,2.0
b5a3de47a,7.0
22bc7ce02,2.0
1d6e5cf3a,4.0
7a2f298b1,2.0
cddfc651c,1.0
f40103c83,2.0
410a26705,3.0
71f7faec1,7.0
8996af30b,2.0
40317cc21,1.0
5e8ae0408,4.0
d6caa6c1b,4.0
3c3b8f720,1.0
66ee92015,7.0
0d23ebf62,7.0
f308d84f9,4.0
a83316db9,4.0
4ec74bd2a,2.0
1fe6926c9,7.0
6cd08f9e5,4.0
8fab79bce,4.0
6bb0867d2,3.0
af5663a50,0.0
9b72b6259,7.0
414d8071a,7.0
2832e999c,7.0
14dac66d4,2.0
0723c702f,2.0
d8a5cbf50,3.0
7e53fa3c8,1.0
ac8a6d6b4,2.0
46b72a554,2.0
abad54d9e,0.0
dc799e6cf,4.0
66e380876,7.0
c9beb51d4,2.0
adbb5691b,7.0
ddff16456,4.0
34b07073e,1.0
faa44e335,1.0
6aee6ba64,7.0
ce6d26ea8,3.0
bf7468418,2.0
95d3eeb89,1.0
07cec96ed,7.0
3e5f1ed95,4.0
2fb2b5440,3.0
0e1afcba3,7.0
a66fac828,1.0
68a455136,2.0
b8cee8864,1.0
f0f332a40,1.0
d143d39b7,4.0
9f6c09778,2.0
ea90f4eac,4.0
1763f6e8c,4.0
32b0f73c8,4.0
8a44d1d0a,4.0
4c144f0ed,4.0
cec32d2d9,1.0
ce08bf758,1.0
2ce451b02,4.0
35ec1a697,7.0
9918c8c44,4.0
8e927101b,7.0
e71ce9398,2.0
3701826a8,4.0
0646fb6ba,4.0
e394a70d8,3.0
88439d7b0,4.0
83ba40cc6,2.0
f720565e5,1.0
590738ca0,3.0
f6a6a9309,1.0
7b709929f,4.0
a6f5db120,1.0
c9bfae3ca,4.0
592ff368f,3.0
614b290f5,4.0
fc5e93ddb,4.0
ed7eb98b9,7.0
9df6e927c,7.0
b8d8b2272,3.0
9c60c63f6,1.0
01f72959d,4.0
7c4c942d5,0.0
b37fc7248,4.0
599b33066,1.0
d5f7c611a,2.0
fd3d262c3,1.0
1bfd3fba3,7.0
5d9384a34,1.0
cbb603649,2.0
c2f964b3b,7.0
d5681d2c3,4.0
47536cf31,2.0
ae4274dd6,2.0
38cbd55e5,7.0
aff0a8156,2.0
42b588455,4.0
2136ab169,3.0
8bc88a336,3.0
559ae5667,1.0
e881219a0,4.0
b5f9c95df,3.0
48fe551df,4.0
d4bae51c9,1.0
015f125b8,3.0
3a97ac75e,7.0
ad3449695,3.0
0fd8e26c1,1.0
b77bebe5f,4.0
90d66cd6f,2.0
c306658fe,4.0
b94aa2e66,4.0
59680597d,1.0
498d70ca1,4.0
f931a3552,1.0
08daae591,1.0
dc4502e25,7.0
bfa7ed240,4.0
7c2b48d5f,4.0
23f8bb18e,4.0
892a5ed54,3.0
2b880dfcb,3.0
974688435,4.0
26b149a77,2.0
3d1a0b636,1.0
2c416fcef,4.0
cfa1588e2,1.0
584042e9e,1.0
493d668ba,3.0
a4c5e45dd,1.0
f192616ce,2.0
76e0bf879,1.0
1d0223148,2.0
0b9384acf,1.0
6e3e2b85a,4.0
4509290d7,4.0
d147d16ec,4.0
082126600,4.0
569798535,7.0
47aab029b,4.0
5e3011a62,3.0
559917f5c,4.0
02ffbb348,1.0
0a5129c92,2.0
60d8c1fa7,4.0
20671ca51,1.0
bede60795,2.0
e126dcb77,2.0
470343a04,2.0
12044707c,4.0
c09a0a00a,3.0
421becb27,1.0
aa22c1563,2.0
166503620,3.0
618dced8e,2.0
419d49119,2.0
ffa86db9e,4.0
4b14cca25,2.0
5c55a78e2,4.0
caacbd257,3.0
7e7d7f1c5,7.0
e3865d96b,2.0
63d17a5ad,1.0
3ccddbba4,1.0
180d75114,2.0
3e385e1b1,4.0
42635012f,2.0
5a951896b,7.0
c017a7d6b,2.0
5f3432403,1.0
03d14e004,2.0
f1101a527,2.0
db74e1329,4.0
0131eb078,1.0
df17fad20,2.0
44bf31aa6,4.0
a987ee384,4.0
fe9b945ae,2.0
7600dfada,4.0
cbfa8bcdd,1.0
270ca7309,3.0
16a43d1b1,3.0
87a8c0f0d,2.0
33dfbe188,3.0
22f85ea8e,3.0
e5d02f315,2.0
09ba96bf0,1.0
c572d623d,1.0
882c038e7,2.0
973194dde,2.0
1061d324a,1.0
597788b4b,3.0
182e0e5dd,7.0
0536a14c0,4.0
66e113c05,4.0
650de5c52,1.0
d74e047bd,2.0
cd2f4f5bd,3.0
35c9317ff,3.0
a6b832cfa,2.0
b2f3be45e,4.0
f0a7c0b14,2.0
4228045ee,3.0
1e3566cbe,4.0
398fec4a3,4.0
c15e547dd,4.0
f55332756,2.0
f6b4d4405,4.0
3d6a0b6ce,3.0
ae49cb15f,2.0
71d2e9e25,4.0
2d10f326a,2.0
dedc72b5b,4.0
a83818789,4.0
fdfcd1023,1.0
62f7be1c8,3.0
fad624d4f,2.0
e840929be,7.0
4c506cf99,7.0
89a97a4bb,7.0
b5f30bff1,4.0
84c0efa46,2.0
e8ab2aa85,4.0
45bd144f5,7.0
608e5b66b,2.0
672ebfd9a,7.0
fd1ff90f8,7.0
d3f554d71,2.0
a63706726,4.0
3e636c3d2,4.0
2366fd140,4.0
7e46d59c8,7.0
d6efb85e9,3.0
9d28f0f59,7.0
b17afb2eb,4.0
5ec5914e5,1.0
4432db7d3,3.0
ce5cfac06,1.0
ffd4fe065,7.0
ee1ddf5ce,7.0
679286002,1.0
073568cc5,2.0
02519d368,2.0
b7ae6b9cd,1.0
416bfd3dd,4.0
d2284ec25,4.0
e543bc19c,2.0
c82ba5889,2.0
cd7fcad63,4.0
49d4e21de,4.0
b5ecc08d6,4.0
22e87dca2,1.0
c692d4b45,7.0
edc153713,3.0
a30967d48,2.0
3603eacf0,1.0
600c7d1e2,3.0
e2b2cad49,4.0
122e7c0c2,1.0
b2b54fce7,4.0
c720115fe,2.0
02b1ab523,0.0
47bfcd3cc,4.0
2c5ee0b49,2.0
ebdcc42bd,2.0
17a5bece9,0.0
45e7776e1,2.0
dcbb918b4,2.0
25baf7a8d,7.0
600e0fb89,2.0
cfc94da9a,1.0
69baefa84,4.0
3cdb1a596,4.0
2a029afbe,2.0
418ea400f,7.0
49157aaac,3.0
cf0d70718,4.0
23a703329,3.0
85426f467,7.0
ab6048c53,0.0
f5ad400b7,2.0
ff903e52b,2.0
498106649,1.0
418700d53,3.0
3360d56c0,2.0
9a047f96b,1.0
06a470022,3.0
5344ddf4e,4.0
dcbe7cae8,4.0
bcda27f26,4.0
2b01a74a9,1.0
1e0e21059,2.0
b80dfae6a,1.0
bc05ab361,3.0
8459f4707,2.0
d12b4fe19,4.0
4b96e341f,2.0
e1180bfcd,3.0
9e51a9790,3.0
b029230e4,4.0
8a1bc271c,7.0
5ad9b6f0c,1.0
610788182,4.0
ee4325d84,1.0
f21c317cf,4.0
2abba8c6c,4.0
2954b46c4,2.0
a0b6f1501,3.0
8d0e790e5,1.0
399fa2574,2.0
9967c6cb6,1.0
a182511f2,4.0
51a13610e,3.0
19c7e095c,0.0
73961a218,4.0
2e979fe49,1.0
83eab3ce0,4.0
f223cd020,4.0
39ee807be,4.0
3010871b7,1.0
46e92f631,4.0
1706cbafe,2.0
f640756a4,3.0
50066d150,4.0
f116c92af,1.0
378d73716,3.0
827daf042,1.0
ad59fc7a0,7.0
26de61f1f,4.0
d784f7fd2,2.0
0c9476c38,2.0
b32194b94,4.0
8c2f1d851,1.0
147191c1a,2.0
af032a52a,3.0
d97b2d534,1.0
40873dcd6,4.0
c1509a54e,2.0
4864eb58c,4.0
b4b9b0153,3.0
cd08d8571,2.0
cda7cd580,4.0
519a6e4c4,1.0
234c7884f,2.0
6c7675e86,2.0
847717f72,4.0
491b8c806,4.0
0ad57c36f,2.0
c0ae23371,1.0
1361c6788,2.0
11f0ed3d3,3.0
d3cf5146b,4.0
0fcb4800e,2.0
5a7197211,3.0
fc21aa84c,3.0
869c9f3a4,1.0
90c2e8a86,4.0
13922dcc9,4.0
86c5aed68,3.0
48ec0107d,3.0
5892f955a,4.0
2e200d64f,4.0
efd268250,3.0
bce8d916d,4.0
bfe1af332,7.0
d4032d9a3,2.0
7204f7890,4.0
54188270d,7.0
8b6c7ef38,4.0
387c23325,3.0
3de179c07,2.0
7ad9d255c,4.0
d6ed5dfec,7.0
3cab9e59f,4.0
27d4ec9c7,3.0
5190cd079,4.0
6ec65e11d,4.0
dcc8ba1a0,1.0
68a7182fb,4.0
b2686029e,4.0
34feb9441,4.0
089ed3836,4.0
4e3b3c58c,4.0
1ef0e1d49,4.0
da6b36177,4.0
60036f876,4.0
74c8c6941,1.0
b749ed372,4.0
cf057b203,4.0
2e2c61226,1.0
aa6b3dcee,2.0
733a5cf62,1.0
66f86bfc6,4.0
0505896da,2.0
78624b4a6,2.0
a8c8aed05,4.0
7e520dca0,3.0
f072baaae,1.0
32288dcdb,4.0
bcd947bb6,4.0
66b38c4a7,4.0
b22b2c9ae,4.0
f147e61ee,2.0
78dcff888,4.0
5b3a46aef,4.0
8808ae25a,1.0
ad84ef170,4.0
aec383ae4,3.0
d0b1c9032,4.0
901fd9c6d,2.0
97d5ad3c9,2.0
35fb4b52a,1.0
a1713b945,3.0
d3600fbb5,4.0
b8f18c8ee,2.0
170e3f54b,4.0
fe7acc3a4,4.0
89c7a954b,4.0
cf162fcc3,4.0
ae7fee136,4.0
c2df334d9,4.0
7d7e41466,3.0
bd60fa3e1,0.0
49ba38c83,4.0
02c7507b0,1.0
6d2a3b9c3,7.0
68de9202c,4.0
f382426dc,4.0
bc4a10a21,4.0
b108f718e,3.0
8fe4353c3,4.0
cc1d53892,1.0
cbbb7f5c6,3.0
cd457aba8,1.0
274583307,4.0
a7d15b9c4,3.0
6446390b9,4.0
09a0af133,2.0
12049565b,4.0
5191cb99d,2.0
c6d749ab2,4.0
3427a70d0,3.0
81816952b,7.0
3d2e660fb,4.0
d12e91a45,4.0
d1b426458,1.0
62173a996,4.0
22e3c334e,2.0
96d7cffab,4.0
322182861,1.0
6aadea6a0,7.0
cbde71ab6,7.0
cebf7bb09,7.0
4fb937efc,7.0
970f45412,2.0
6b0c2cccf,4.0
18728cb17,3.0
b2ee9c7b7,3.0
f573a5446,2.0
636f53bb7,4.0
5ee29107f,4.0
1b28b1fdf,4.0
ecf8b957a,2.0
d460338fe,4.0
88a4aad35,4.0
b681b66c6,7.0
30a693a7d,4.0
a0c8140f5,4.0
3057d4d49,2.0
4d632070a,2.0
ca5f98a97,1.0
22a94e714,3.0
fca822dd6,4.0
94eab2b21,3.0
36afecaab,2.0
517f2a2f5,7.0
732202694,1.0
59f3943d5,2.0
d34c5122b,2.0
3abe49dd7,4.0
c5ab0b9af,1.0
dc0d4f14a,2.0
ead8e4c7d,1.0
9dd6d4d6b,1.0
f64be1c78,2.0
85f9f0467,4.0
9a77b0cef,2.0
c1887daf8,7.0
3a950c0ed,4.0
17d350878,7.0
5c565177c,2.0
4779d1360,1.0
e3d2448a9,7.0
c4c74a141,4.0
237231bc6,4.0
e44119a49,4.0
2fc95bdf0,7.0
2d11c301e,2.0
ac47a02cd,2.0
507922ae4,3.0
4a983bae4,4.0
3a9c20f49,4.0
e950e95ac,2.0
ebb95545d,4.0
f2d9c8306,2.0
12cc48715,4.0
c76364116,1.0
5a2783ea4,3.0
1540b97a6,2.0
7740a0272,2.0
7d8a249bf,2.0
629a4e6fd,1.0
3712f20d5,4.0
451f12bac,1.0
515863340,4.0
305d685bf,2.0
74ee75020,7.0
634ae6954,4.0
7a0832e2c,1.0
065d6994c,4.0
ffe2d8e81,4.0
ebac08276,1.0
5148edd39,4.0
f85b86356,4.0
c56bbf410,7.0
b83351b7b,1.0
4abffeca5,0.0
c7dec8dc7,2.0
92bd6899e,2.0
c86d01c1f,3.0
664f1e2fc,1.0
e2c7d7c0a,1.0
f15762b6a,1.0
70acc40a4,4.0
0ddc7d3ac,1.0
035582f8f,4.0
84b14662a,1.0
1b8d3ff56,4.0
a0591aa18,3.0
60a3481ec,1.0
031da46f7,3.0
dbd702a56,4.0
e2489b317,4.0
4c98ba1e5,3.0
be27a9e19,2.0
3cbb1c0f7,2.0
a28594c46,4.0
001ec8d5b,2.0
23118a766,0.0
1333e803a,4.0
65ec259b0,4.0
ee397e714,4.0
c0c98962b,1.0
028c68583,4.0
db34d666a,0.0
86fc61089,4.0
3f86154cf,4.0
d35231e5a,2.0
629fe6dff,4.0
fe0531700,4.0
4bbaa98d6,4.0
7b3ab3ad4,4.0
5d9a28223,2.0
8255e2fa2,1.0
ee9c002d6,3.0
004682b50,7.0
badf057cb,4.0
759dfb282,7.0
3f6fcc67e,3.0
4b5d368ca,1.0
31f9fa1e0,7.0
452d9758d,1.0
e29b59239,7.0
cd8a82b97,3.0
e3ca4f2d0,4.0
17a021ba4,2.0
ec490205b,4.0
7c5988282,4.0
053205cfa,2.0
ea466e975,3.0
8661faa01,7.0
5c253db79,2.0
b49f9924c,4.0
7829548b7,2.0
4b063107f,4.0
365fb3a96,2.0
e65540b4f,3.0
3a60ba6dc,2.0
fc1b8a4f0,4.0
1c11185f4,4.0
72dabb7a1,4.0
548f0e9c6,7.0
8c9bdff8c,1.0
042d0d192,2.0
5232fd036,4.0
1ec422aae,1.0
76dfac4a1,1.0
dabe705dc,7.0
5946a80c6,7.0
4311ab46a,4.0
bf3f3d3a5,1.0
1503a77d2,1.0
b7d73e11a,2.0
e3040d73f,4.0
919d37b36,7.0
fe099f48b,7.0
05257447c,3.0
f4c33173e,7.0
ae94db5ca,4.0
32b44785c,1.0
c16d1cce2,0.0
729abd2f2,3.0
4fab97693,4.0
81d9e0ce1,2.0
42c2bce02,2.0
e122e5cab,2.0
ab274b176,2.0
975298673,7.0
499909f04,4.0
71b1e25bb,4.0
0be96ad8b,4.0
f2ad92283,4.0
a3aa0993b,4.0
511f1a6db,7.0
6834e2da3,4.0
d6e620f87,4.0
3a0d5f49d,3.0
906573861,2.0
0ccf2fecc,3.0
8cca8236b,1.0
f8aa09ab4,2.0
a4849f4f0,2.0
1b143c468,2.0
af2bf2c48,2.0
f0a6b590b,4.0
b88e57980,2.0
e6342c172,4.0
60d52c67a,3.0
1adf16bff,2.0
8affd8298,2.0
bf43c64b8,4.0
40213b255,2.0
1bf5096b7,3.0
914f2de70,4.0
fd262420a,1.0
ba6cbb3b9,1.0
60dc7a869,4.0
cb4fb933f,2.0
eaab0dc4f,3.0
560a38b5c,4.0
61453c43e,4.0
cabaf8033,7.0
065367f09,7.0
1e55008d0,2.0
d7655dc4b,1.0
74bf493b5,2.0
44f54a0a9,1.0
94ff23a43,7.0
f872210bb,1.0
846937574,4.0
a1eddc185,4.0
dd1812b4c,4.0
2f49a3373,1.0
a6bb2a0f5,2.0
9677159a5,2.0
5358914db,1.0
826e7fede,2.0
11b859665,2.0
b5a5ec644,4.0
73c83dc73,2.0
dfa0ff644,1.0
5a67c3ceb,1.0
a49f5a481,4.0
dc64dc5f4,2.0
577126f85,7.0
2f0c29529,4.0
6790b71f2,7.0
e876c142c,2.0
08ba5ce13,3.0
7bec80b02,3.0
fb6fbaa05,4.0
0a44cc8ba,2.0
9cb0c885e,3.0
3245790c7,2.0
d77d11ccd,4.0
e3aa17a53,1.0
27bf5c8f8,2.0
860591c44,4.0
61fe0f6f7,2.0
13fe509ca,2.0
7d3ce3195,3.0
1572bf9cc,2.0
b72537712,4.0
3d20d52f1,0.0
7999ea5fe,1.0
cabbe9d14,1.0
111f4f6ed,2.0
800ca542b,4.0
1badb11f5,7.0
5b3151e25,2.0
d51ba0fce,4.0
4eb926dde,4.0
89815c687,2.0
e87b4fdbc,2.0
8d7f3f71c,2.0
45c8f591d,4.0
9b1035016,7.0
7d50924c3,2.0
409b92edb,
5f75c7083,
132916303,
b8bea2c62,
ef306b0f9,
1ff198b2c,
06983c308,
23f664cf6,
4d932ca97,
41814d501,
6bcb7ed25,
8650fce42,
b4b7512ad,
31ed5d5ec,
4586798a6,
e5ec7709d,
fa0b958ae,
85fda19ab,
d6a2fa83e,
08f25f7da,
a159e317f,
09582e51b,
0c9cc3c3d,
fd6a10dd8,
3b22e5249,
62abaa505,
d274a7103,
4f244a307,
34e4c214d,
67b8ae43b,
285a40127,
ce637df13,
e07d8debe,
5c23692a4,
4dc690fca,
40739eff7,
e90b93c02,
0a4831022,
d24a644d5,
6bde0667b,
e25b59349,
10bc6fc6a,
2d7a91c59,
e5bbe3e54,
